1,2,915539441,APPLE,US,pmp3d2014,Hopy Games,Postman Parking,1.2,1F,1.00,0.00000,0E-10,2016-09-05 00:00:00,2016-09-05 00:00:00,USD,LK,USD,0, , , , ,Games,,iPad,iOS
1,2,1051252134,APPLE,US,com.pegasgames.wheely4 ,Hopy Games ,Wheelie 4 - Time Travel ,1.32,7F,1.00,0.00000,0E-10,2016-09-05 00:00:00,2016-09-05 00:00:00,CAD,CA,CAD,0, , , , ,Games,,iPhone,iOS
1,2,721668874,APPLE,US,com.hopy.FRIV ,Hopy Games ,Hopy Games ,1.9,3F,1.00,0.00000,0E-10,2016-09-05 00:00:00,2016-09-05 00:00:00,USD,HN,USD,0, , , , ,Games,,iPad,iOS
1,2,721668874,APPLE,US,com.hopy.FRIV ,Hopy Games ,Hopy Games ,1.9,3F,1.00,0.00000,0E-10,2016-09-05 00:00:00,2016-09-05 00:00:00,USD,BR,USD,0, , , , ,Games,,iPad,iOS
1,2,721668874,APPLE,US,com.hopy.FRIV ,Hopy Games ,Hopy Games ,1.9,3F,48.00,0.00000,0E-10,2016-09-05 00:00:00,2016-09-05 00:00:00,CAD,CA,CAD,0, , , , ,Games,,iPhone,iOS
1,2,1051252134,APPLE,US,com.pegasgames.wheely4 ,Hopy Games ,Wheelie 4 - Time Travel ,1.32,3F,1.00,0.00000,0E-10,2016-09-05 00:00:00,2016-09-05 00:00:00,CAD,CA,CAD,0, , , , ,Games,,iPhone,iOS
1,2,721668874,APPLE,US,com.hopy.FRIV ,Hopy Games ,Hopy Games ,1.9,3F,3.00,0.00000,0E-10,2016-09-05 00:00:00,2016-09-05 00:00:00,MXN,MX,MXN,0, , , , ,Games,,iPad,iOS
1,2,1051585143,APPLE,US,air.com.pegasgames.wheely5 ,Hopy Games ,Wheelie 5 - Armageddon Free ,1.21,3F,1.00,0.00000,0E-10,2016-09-05 00:00:00,2016-09-05 00:00:00,CAD,CA,CAD,0, , , , ,Games,,iPad,iOS
1,2,1084266569,APPLE,US,com.ragdoll.achievement ,Hopy Games ,Ragdoll Achievement ,2.0,3F,1.00,0.00000,0E-10,2016-09-05 00:00:00,2016-09-05 00:00:00,CAD,CA,CAD,0, , , , ,Games,,iPad,iOS
1,2,589285699,APPLE,US,73536246639 ,Hopy Games ,Celeb Dress Up - Selena Gomez Edition ,1.0.1,3T,1.00,0.00000,0E-10,2016-09-05 00:00:00,2016-09-05 00:00:00,USD,BR,USD,0, , , , ,Games,,iPad,iOS
1,2,721668874,APPLE,US,com.hopy.FRIV ,Hopy Games ,Hopy Games ,1.9,3F,6.00,0.00000,0E-10,2016-09-05 00:00:00,2016-09-05 00:00:00,CAD,CA,CAD,0, , , , ,Games,,iPad,iOS
1,2,1051252134,APPLE,US,com.pegasgames.wheely4 ,Hopy Games ,Wheelie 4 - Time Travel ,1.32,3F,5.00,0.00000,0E-10,2016-09-05 00:00:00,2016-09-05 00:00:00,CAD,CA,CAD,0, , , , ,Games,,iPad,iOS
1,2,738595009,APPLE,US,age.of.war.1 ,Hopy Games ,Age Of War - Revenge ,1,3F,1.00,0.00000,0E-10,2016-09-05 00:00:00,2016-09-05 00:00:00,AUD,AU,AUD,0, , , , ,Games,,iPhone,iOS
1,2,1051252134,APPLE,US,com.pegasgames.wheely4 ,Hopy Games ,Wheelie 4 - Time Travel ,1.32,3F,1.00,0.00000,0E-10,2016-09-05 00:00:00,2016-09-05 00:00:00,USD,BR,USD,0, , , , ,Games,,iPad,iOS
1,2,721668874,APPLE,US,com.hopy.FRIV ,Hopy Games ,Hopy Games ,1.9,3F,1.00,0.00000,0E-10,2016-09-05 00:00:00,2016-09-05 00:00:00,USD,DO,USD,0, , , , ,Games,,iPad,iOS
1,2,1051585143,APPLE,US,air.com.pegasgames.wheely5 ,Hopy Games ,Wheelie 5 - Armageddon Free ,1.21,7F,2.00,0.00000,0E-10,2016-09-05 00:00:00,2016-09-05 00:00:00,CAD,CA,CAD,0, , , , ,Games,,iPhone,iOS
1,2,721668874,APPLE,US,com.hopy.FRIV ,Hopy Games ,Hopy Games ,1.9,3F,1.00,0.00000,0E-10,2016-09-05 00:00:00,2016-09-05 00:00:00,USD,CL,USD,0, , , , ,Games,,iPhone,iOS
1,2,680358411,APPLE,US,RCHelicopter ,Hopy Games ,RC Helicopter Challenge 3D Flight Simulator ,1.3,3F,1.00,0.00000,0E-10,2016-09-05 00:00:00,2016-09-05 00:00:00,CAD,CA,CAD,0, , , , ,Games,,iPhone,iOS
1,2,589285699,APPLE,US,73536246639 ,Hopy Games ,Celeb Dress Up - Selena Gomez Edition ,1.0.1,3T,1.00,0.00000,0E-10,2016-09-05 00:00:00,2016-09-05 00:00:00,CAD,CA,CAD,0, , , , ,Games,,iPad,iOS
1,2,721668874,APPLE,US,com.hopy.FRIV ,Hopy Games ,Hopy Games ,1.9,3F,1.00,0.00000,0E-10,2016-09-05 00:00:00,2016-09-05 00:00:00,USD,EC,USD,0, , , , ,Games,,iPad,iOS
1,2,721668874,APPLE,US,com.hopy.FRIV,Hopy Games,Hopy Games,1.9,1F,1.00,0.00000,0E-10,2016-09-05 00:00:00,2016-09-05 00:00:00,INR,IN,INR,0, , , , ,Games,,iPad,iOS
1,2,738595009,APPLE,US,age.of.war.1,Hopy Games,Age Of War - Revenge,1,1F,1.00,0.00000,0E-10,2016-09-05 00:00:00,2016-09-05 00:00:00,THB,TH,THB,0, , , , ,Games,,iPad,iOS
1,2,680358411,APPLE,US,RCHelicopter,Hopy Games,RC Helicopter Challenge 3D Flight Simulator,1.3,1F,3.00,0.00000,0E-10,2016-09-05 00:00:00,2016-09-05 00:00:00,INR,IN,INR,0, , , , ,Games,,iPad,iOS
1,2,721668874,APPLE,US,com.hopy.FRIV ,Hopy Games ,Hopy Games ,1.9,3F,1.00,0.00000,0E-10,2016-09-05 00:00:00,2016-09-05 00:00:00,MXN,MX,MXN,0, , , , ,Games,,Desktop,iOS
1,2,976009672,APPLE,US,hopy_jellydad_2015 ,Hopy Games ,JellyDad Hero ,0.2,3F,3.00,0.00000,0E-10,2016-09-05 00:00:00,2016-09-05 00:00:00,CAD,CA,CAD,0, , , , ,Games,,iPad,iOS
1,2,593015375,APPLE,US,ancientpyramidescape ,Hopy Games ,Ancient Pyramid Escape ,1.0.4,7F,1.00,0.00000,0E-10,2016-09-05 00:00:00,2016-09-05 00:00:00,AUD,AU,AUD,0, , , , ,Games,,iPad,iOS
1,2,680358411,APPLE,US,RCHelicopter ,Hopy Games ,RC Helicopter Challenge 3D Flight Simulator ,1.3,3F,1.00,0.00000,0E-10,2016-09-05 00:00:00,2016-09-05 00:00:00,CAD,CA,CAD,0, , , , ,Games,,iPad,iOS
1,2,721668874,APPLE,US,com.hopy.FRIV ,Hopy Games ,Hopy Games ,1.9,3F,1.00,0.00000,0E-10,2016-09-05 00:00:00,2016-09-05 00:00:00,AUD,AU,AUD,0, , , , ,Games,,iPhone,iOS
1,2,976009672,APPLE,US,hopy_jellydad_2015 ,Hopy Games ,JellyDad Hero ,0.2,3F,1.00,0.00000,0E-10,2016-09-05 00:00:00,2016-09-05 00:00:00,NZD,NZ,NZD,0, , , , ,Games,,iPad,iOS
1,2,721668874,APPLE,US,com.hopy.FRIV ,Hopy Games ,Hopy Games ,1.9,3F,43.00,0.00000,0E-10,2016-09-05 00:00:00,2016-09-05 00:00:00,AUD,AU,AUD,0, , , , ,Games,,iPad,iOS
1,2,976009672,APPLE,US,hopy_jellydad_2015 ,Hopy Games ,JellyDad Hero ,0.2,3F,1.00,0.00000,0E-10,2016-09-05 00:00:00,2016-09-05 00:00:00,AUD,AU,AUD,0, , , , ,Games,,Desktop,iOS
1,2,1051252134,APPLE,US,com.pegasgames.wheely4 ,Hopy Games ,Wheelie 4 - Time Travel ,1.32,3F,1.00,0.00000,0E-10,2016-09-05 00:00:00,2016-09-05 00:00:00,AUD,AU,AUD,0, , , , ,Games,,iPad,iOS
1,2,721668874,APPLE,US,com.hopy.FRIV,Hopy Games,Hopy Games,1.9,1F,1.00,0.00000,0E-10,2016-09-05 00:00:00,2016-09-05 00:00:00,CNY,CN,CNY,0, , , , ,Games,,iPhone,iOS
1,2,915494672,APPLE,US,lp3d2014,Hopy Games,Limo Parking,1.0,1F,1.00,0.00000,0E-10,2016-09-05 00:00:00,2016-09-05 00:00:00,INR,IN,INR,0, , , , ,Games,,iPad,iOS
1,2,721668874,APPLE,US,com.hopy.FRIV,Hopy Games,Hopy Games,1.9,1F,1.00,0.00000,0E-10,2016-09-05 00:00:00,2016-09-05 00:00:00,USD,PH,USD,0, , , , ,Games,,iPhone,iOS
1,2,680358411,APPLE,US,RCHelicopter,Hopy Games,RC Helicopter Challenge 3D Flight Simulator,1.3,1F,1.00,0.00000,0E-10,2016-09-05 00:00:00,2016-09-05 00:00:00,USD,PH,USD,0, , , , ,Games,,iPad,iOS
1,2,738595009,APPLE,US,age.of.war.1,Hopy Games,Age Of War - Revenge,1,1F,1.00,0.00000,0E-10,2016-09-05 00:00:00,2016-09-05 00:00:00,TWD,TW,TWD,0, , , , ,Games,,iPhone,iOS
1,2,1051252134,APPLE,US,com.pegasgames.wheely4,Hopy Games,Wheelie 4 - Time Travel,1.32,1F,2.00,0.00000,0E-10,2016-09-05 00:00:00,2016-09-05 00:00:00,SGD,SG,SGD,0, , , , ,Games,,iPad,iOS
1,2,1051585143,APPLE,US,air.com.pegasgames.wheely5,Hopy Games,Wheelie 5 - Armageddon Free,1.21,1F,1.00,0.00000,0E-10,2016-09-05 00:00:00,2016-09-05 00:00:00,USD,KZ,USD,0, , , , ,Games,,iPhone,iOS
1,2,1051585143,APPLE,US,air.com.pegasgames.wheely5,Hopy Games,Wheelie 5 - Armageddon Free,1.21,1F,1.00,0.00000,0E-10,2016-09-05 00:00:00,2016-09-05 00:00:00,USD,KZ,USD,0, , , , ,Games,,iPad,iOS
1,2,721668874,APPLE,US,com.hopy.FRIV,Hopy Games,Hopy Games,1.9,1F,1.00,0.00000,0E-10,2016-09-05 00:00:00,2016-09-05 00:00:00,IDR,ID,IDR,0, , , , ,Games,,iPad,iOS
1,2,976009672,APPLE,US,hopy_jellydad_2015,Hopy Games,JellyDad Hero,0.2,1F,1.00,0.00000,0E-10,2016-09-05 00:00:00,2016-09-05 00:00:00,INR,IN,INR,0, , , , ,Games,,iPad,iOS
1,2,795977719,APPLE,US,ar_sku,Hopy Games,Archery Range,1.0.0,1F,1.00,0.00000,0E-10,2016-09-05 00:00:00,2016-09-05 00:00:00,INR,IN,INR,0, , , , ,Games,,iPhone,iOS
1,2,1051252134,APPLE,US,com.pegasgames.wheely4,Hopy Games,Wheelie 4 - Time Travel,1.32,1F,4.00,0.00000,0E-10,2016-09-05 00:00:00,2016-09-05 00:00:00,AUD,AU,AUD,0, , , , ,Games,,iPad,iOS
1,2,976009672,APPLE,US,hopy_jellydad_2015,Hopy Games,JellyDad Hero,0.2,1F,2.00,0.00000,0E-10,2016-09-05 00:00:00,2016-09-05 00:00:00,AUD,AU,AUD,0, , , , ,Games,,iPad,iOS
1,2,1051585143,APPLE,US,air.com.pegasgames.wheely5,Hopy Games,Wheelie 5 - Armageddon Free,1.21,1F,3.00,0.00000,0E-10,2016-09-05 00:00:00,2016-09-05 00:00:00,AUD,AU,AUD,0, , , , ,Games,,iPad,iOS
1,2,976009672,APPLE,US,hopy_jellydad_2015,Hopy Games,JellyDad Hero,0.2,1F,1.00,0.00000,0E-10,2016-09-05 00:00:00,2016-09-05 00:00:00,AUD,AU,AUD,0, , , , ,Games,,iPod touch,iOS
1,2,1051585143,APPLE,US,air.com.pegasgames.wheely5,Hopy Games,Wheelie 5 - Armageddon Free,1.21,1F,1.00,0.00000,0E-10,2016-09-05 00:00:00,2016-09-05 00:00:00,NZD,NZ,NZD,0, , , , ,Games,,iPad,iOS
1,2,680358411,APPLE,US,RCHelicopter,Hopy Games,RC Helicopter Challenge 3D Flight Simulator,1.3,1F,1.00,0.00000,0E-10,2016-09-05 00:00:00,2016-09-05 00:00:00,NZD,NZ,NZD,0, , , , ,Games,,iPad,iOS
1,2,721668874,APPLE,US,com.hopy.FRIV,Hopy Games,Hopy Games,1.9,1F,1.00,0.00000,0E-10,2016-09-05 00:00:00,2016-09-05 00:00:00,NZD,NZ,NZD,0, , , , ,Games,,iPhone,iOS
1,2,1084266569,APPLE,US,com.ragdoll.achievement,Hopy Games,Ragdoll Achievement,2.0,1F,3.00,0.00000,0E-10,2016-09-05 00:00:00,2016-09-05 00:00:00,AUD,AU,AUD,0, , , , ,Games,,iPad,iOS
1,2,680358411,APPLE,US,RCHelicopter,Hopy Games,RC Helicopter Challenge 3D Flight Simulator,1.3,1F,1.00,0.00000,0E-10,2016-09-05 00:00:00,2016-09-05 00:00:00,NZD,NZ,NZD,0, , , , ,Games,,iPod touch,iOS
1,2,721668874,APPLE,US,com.hopy.FRIV,Hopy Games,Hopy Games,1.9,1F,1.00,0.00000,0E-10,2016-09-05 00:00:00,2016-09-05 00:00:00,JPY,JP,JPY,0, , , , ,Games,,iPhone,iOS
1,2,1051585143,APPLE,US,air.com.pegasgames.wheely5,Hopy Games,Wheelie 5 - Armageddon Free,1.21,1F,1.00,0.00000,0E-10,2016-09-05 00:00:00,2016-09-05 00:00:00,INR,IN,INR,0, , , , ,Games,,iPad,iOS
1,2,1084266569,APPLE,US,com.ragdoll.achievement,Hopy Games,Ragdoll Achievement,2.0,1F,1.00,0.00000,0E-10,2016-09-05 00:00:00,2016-09-05 00:00:00,USD,KZ,USD,0, , , , ,Games,,iPad,iOS
1,2,1051252134,APPLE,US,com.pegasgames.wheely4,Hopy Games,Wheelie 4 - Time Travel,1.32,1F,1.00,0.00000,0E-10,2016-09-05 00:00:00,2016-09-05 00:00:00,INR,IN,INR,0, , , , ,Games,,iPad,iOS
1,2,1051252134,APPLE,US,com.pegasgames.wheely4,Hopy Games,Wheelie 4 - Time Travel,1.32,1F,1.00,0.00000,0E-10,2016-09-05 00:00:00,2016-09-05 00:00:00,USD,PH,USD,0, , , , ,Games,,iPad,iOS
1,2,1051252134,APPLE,US,com.pegasgames.wheely4,Hopy Games,Wheelie 4 - Time Travel,1.32,1F,1.00,0.00000,0E-10,2016-09-05 00:00:00,2016-09-05 00:00:00,CNY,CN,CNY,0, , , , ,Games,,iPhone,iOS
1,2,976009672,APPLE,US,hopy_jellydad_2015,Hopy Games,JellyDad Hero,0.2,1F,1.00,0.00000,0E-10,2016-09-05 00:00:00,2016-09-05 00:00:00,USD,PH,USD,0, , , , ,Games,,iPad,iOS
1,2,721668874,APPLE,US,com.hopy.FRIV,Hopy Games,Hopy Games,1.9,1F,1.00,0.00000,0E-10,2016-09-05 00:00:00,2016-09-05 00:00:00,USD,MY,USD,0, , , , ,Games,,iPad,iOS
1,2,721668874,APPLE,US,com.hopy.FRIV,Hopy Games,Hopy Games,1.9,1F,1.00,0.00000,0E-10,2016-09-05 00:00:00,2016-09-05 00:00:00,HKD,HK,HKD,0, , , , ,Games,,iPad,iOS
1,2,1084266569,APPLE,US,com.ragdoll.achievement,Hopy Games,Ragdoll Achievement,2.0,1F,1.00,0.00000,0E-10,2016-09-05 00:00:00,2016-09-05 00:00:00,INR,IN,INR,0, , , , ,Games,,iPad,iOS
1,2,721668874,APPLE,US,com.hopy.FRIV,Hopy Games,Hopy Games,1.9,1F,3.00,0.00000,0E-10,2016-09-05 00:00:00,2016-09-05 00:00:00,INR,IN,INR,0, , , , ,Games,,iPhone,iOS
1,2,721668874,APPLE,US,com.hopy.FRIV ,Hopy Games ,Hopy Games ,1.9,3F,1.00,0.00000,0E-10,2016-09-05 00:00:00,2016-09-05 00:00:00,USD,CO,USD,0, , , , ,Games,,iPad,iOS
1,2,721668874,APPLE,US,com.hopy.FRIV ,Hopy Games ,Hopy Games ,1.9,3F,2.00,0.00000,0E-10,2016-09-05 00:00:00,2016-09-05 00:00:00,USD,BR,USD,0, , , , ,Games,,iPhone,iOS
1,2,1025724672,APPLE,US,air.bouncing.balls.2 ,Hopy Games ,Bouncing Balls 2 ,1.0.4,3F,1.00,0.00000,0E-10,2016-09-05 00:00:00,2016-09-05 00:00:00,CAD,CA,CAD,0, , , , ,Games,,iPhone,iOS
1,2,1051585143,APPLE,US,air.com.pegasgames.wheely5 ,Hopy Games ,Wheelie 5 - Armageddon Free ,1.21,7F,1.00,0.00000,0E-10,2016-09-05 00:00:00,2016-09-05 00:00:00,RUB,RU,RUB,0, , , , ,Games,,iPad,iOS
1,2,1051585143,APPLE,US,air.com.pegasgames.wheely5 ,Hopy Games ,Wheelie 5 - Armageddon Free ,1.21,3F,2.00,0.00000,0E-10,2016-09-05 00:00:00,2016-09-05 00:00:00,EUR,BE,EUR,0, , , , ,Games,,iPad,iOS
1,2,721668874,APPLE,US,com.hopy.FRIV ,Hopy Games ,Hopy Games ,1.9,3F,1.00,0.00000,0E-10,2016-09-05 00:00:00,2016-09-05 00:00:00,EUR,FR,EUR,0, , , , ,Games,,iPhone,iOS
1,2,680358411,APPLE,US,RCHelicopter ,Hopy Games ,RC Helicopter Challenge 3D Flight Simulator ,1.3,3F,1.00,0.00000,0E-10,2016-09-05 00:00:00,2016-09-05 00:00:00,EUR,FR,EUR,0, , , , ,Games,,iPhone,iOS
1,2,721668874,APPLE,US,com.hopy.FRIV ,Hopy Games ,Hopy Games ,1.9,3F,1.00,0.00000,0E-10,2016-09-05 00:00:00,2016-09-05 00:00:00,USD,EG,USD,0, , , , ,Games,,iPhone,iOS
1,2,1051252134,APPLE,US,com.pegasgames.wheely4 ,Hopy Games ,Wheelie 4 - Time Travel ,1.32,3F,5.00,0.00000,0E-10,2016-09-05 00:00:00,2016-09-05 00:00:00,TRY,TR,TRY,0, , , , ,Games,,iPad,iOS
1,2,836660853,APPLE,US,SKU_CatchTheFly ,Hopy Games ,Catch The Fly - FREE ,2.0,7F,1.00,0.00000,0E-10,2016-09-05 00:00:00,2016-09-05 00:00:00,ZAR,ZA,ZAR,0, , , , ,Games,,iPad,iOS
1,2,1051585143,APPLE,US,air.com.pegasgames.wheely5 ,Hopy Games ,Wheelie 5 - Armageddon Free ,1.21,3F,1.00,0.00000,0E-10,2016-09-05 00:00:00,2016-09-05 00:00:00,USD,HR,USD,0, , , , ,Games,,iPhone,iOS
1,2,721668874,APPLE,US,com.hopy.FRIV ,Hopy Games ,Hopy Games ,1.9,3F,1.00,0.00000,0E-10,2016-09-05 00:00:00,2016-09-05 00:00:00,ZAR,ZA,ZAR,0, , , , ,Games,,iPad,iOS
1,2,1051252134,APPLE,US,com.pegasgames.wheely4 ,Hopy Games ,Wheelie 4 - Time Travel ,1.32,7F,1.00,0.00000,0E-10,2016-09-05 00:00:00,2016-09-05 00:00:00,TRY,TR,TRY,0, , , , ,Games,,iPhone,iOS
1,2,1051252134,APPLE,US,com.pegasgames.wheely4 ,Hopy Games ,Wheelie 4 - Time Travel ,1.32,3F,1.00,0.00000,0E-10,2016-09-05 00:00:00,2016-09-05 00:00:00,EUR,FR,EUR,0, , , , ,Games,,iPad,iOS
1,2,1051252134,APPLE,US,com.pegasgames.wheely4 ,Hopy Games ,Wheelie 4 - Time Travel ,1.32,3F,1.00,0.00000,0E-10,2016-09-05 00:00:00,2016-09-05 00:00:00,EUR,DE,EUR,0, , , , ,Games,,iPhone,iOS
1,2,1051252134,APPLE,US,com.pegasgames.wheely4 ,Hopy Games ,Wheelie 4 - Time Travel ,1.32,3F,1.00,0.00000,0E-10,2016-09-05 00:00:00,2016-09-05 00:00:00,USD,MD,USD,0, , , , ,Games,,iPad,iOS
1,2,1051252134,APPLE,US,com.pegasgames.wheely4 ,Hopy Games ,Wheelie 4 - Time Travel ,1.32,3F,1.00,0.00000,0E-10,2016-09-05 00:00:00,2016-09-05 00:00:00,EUR,BE,EUR,0, , , , ,Games,,iPad,iOS
1,2,721668874,APPLE,US,com.hopy.FRIV ,Hopy Games ,Hopy Games ,1.9,3F,2.00,0.00000,0E-10,2016-09-05 00:00:00,2016-09-05 00:00:00,EUR,ES,EUR,0, , , , ,Games,,iPhone,iOS
1,2,1051252134,APPLE,US,com.pegasgames.wheely4 ,Hopy Games ,Wheelie 4 - Time Travel ,1.32,3F,3.00,0.00000,0E-10,2016-09-05 00:00:00,2016-09-05 00:00:00,TRY,TR,TRY,0, , , , ,Games,,iPhone,iOS
1,2,1051585143,APPLE,US,air.com.pegasgames.wheely5 ,Hopy Games ,Wheelie 5 - Armageddon Free ,1.21,3F,2.00,0.00000,0E-10,2016-09-05 00:00:00,2016-09-05 00:00:00,TRY,TR,TRY,0, , , , ,Games,,iPad,iOS
1,2,721668874,APPLE,US,com.hopy.FRIV ,Hopy Games ,Hopy Games ,1.9,3F,2.00,0.00000,0E-10,2016-09-05 00:00:00,2016-09-05 00:00:00,SEK,SE,SEK,0, , , , ,Games,,iPad,iOS
1,2,680358411,APPLE,US,RCHelicopter ,Hopy Games ,RC Helicopter Challenge 3D Flight Simulator ,1.3,3F,1.00,0.00000,0E-10,2016-09-05 00:00:00,2016-09-05 00:00:00,NOK,NO,NOK,0, , , , ,Games,,iPhone,iOS
1,2,1084266569,APPLE,US,com.ragdoll.achievement ,Hopy Games ,Ragdoll Achievement ,2.0,3F,1.00,0.00000,0E-10,2016-09-05 00:00:00,2016-09-05 00:00:00,GBP,GB,GBP,0, , , , ,Games,,iPhone,iOS
1,2,721668874,APPLE,US,com.hopy.FRIV ,Hopy Games ,Hopy Games ,1.9,3F,5.00,0.00000,0E-10,2016-09-05 00:00:00,2016-09-05 00:00:00,EUR,ES,EUR,0, , , , ,Games,,iPad,iOS
1,2,1051252134,APPLE,US,com.pegasgames.wheely4 ,Hopy Games ,Wheelie 4 - Time Travel ,1.32,3F,1.00,0.00000,0E-10,2016-09-05 00:00:00,2016-09-05 00:00:00,ILS,IL,ILS,0, , , , ,Games,,iPad,iOS
1,2,680358411,APPLE,US,RCHelicopter ,Hopy Games ,RC Helicopter Challenge 3D Flight Simulator ,1.3,3F,2.00,0.00000,0E-10,2016-09-05 00:00:00,2016-09-05 00:00:00,ZAR,ZA,ZAR,0, , , , ,Games,,iPad,iOS
1,2,1051585143,APPLE,US,air.com.pegasgames.wheely5 ,Hopy Games ,Wheelie 5 - Armageddon Free ,1.21,3F,1.00,0.00000,0E-10,2016-09-05 00:00:00,2016-09-05 00:00:00,USD,EG,USD,0, , , , ,Games,,iPhone,iOS
1,2,721668874,APPLE,US,com.hopy.FRIV ,Hopy Games ,Hopy Games ,1.9,3F,1.00,0.00000,0E-10,2016-09-05 00:00:00,2016-09-05 00:00:00,EUR,PT,EUR,0, , , , ,Games,,iPhone,iOS
1,2,738595009,APPLE,US,age.of.war.1 ,Hopy Games ,Age Of War - Revenge ,1,3F,1.00,0.00000,0E-10,2016-09-05 00:00:00,2016-09-05 00:00:00,GBP,GB,GBP,0, , , , ,Games,,iPod touch,iOS
1,2,721668874,APPLE,US,com.hopy.FRIV ,Hopy Games ,Hopy Games ,1.9,3F,1.00,0.00000,0E-10,2016-09-05 00:00:00,2016-09-05 00:00:00,USD,DZ,USD,0, , , , ,Games,,iPad,iOS
1,2,907063329,APPLE,US,com.ofir.pregapp ,Hopy Games ,PregApp ,1.0.2,3F,1.00,0.00000,0E-10,2016-09-05 00:00:00,2016-09-05 00:00:00,EUR,BG,EUR,0, , , , ,Education,,iPhone,iOS
1,2,1051585143,APPLE,US,air.com.pegasgames.wheely5 ,Hopy Games ,Wheelie 5 - Armageddon Free ,1.21,3F,1.00,0.00000,0E-10,2016-09-05 00:00:00,2016-09-05 00:00:00,USD,PK,USD,0, , , , ,Games,,iPad,iOS
1,2,721668874,APPLE,US,com.hopy.FRIV ,Hopy Games ,Hopy Games ,1.9,3F,1.00,0.00000,0E-10,2016-09-05 00:00:00,2016-09-05 00:00:00,ILS,IL,ILS,0, , , , ,Games,,iPhone,iOS
1,2,680358411,APPLE,US,RCHelicopter ,Hopy Games ,RC Helicopter Challenge 3D Flight Simulator ,1.3,3F,1.00,0.00000,0E-10,2016-09-05 00:00:00,2016-09-05 00:00:00,ZAR,ZA,ZAR,0, , , , ,Games,,Desktop,iOS
1,2,1051252134,APPLE,US,com.pegasgames.wheely4 ,Hopy Games ,Wheelie 4 - Time Travel ,1.32,3F,1.00,0.00000,0E-10,2016-09-05 00:00:00,2016-09-05 00:00:00,USD,UA,USD,0, , , , ,Games,,iPad,iOS
1,2,836660853,APPLE,US,SKU_CatchTheFly ,Hopy Games ,Catch The Fly - FREE ,1.1,3F,1.00,0.00000,0E-10,2016-09-05 00:00:00,2016-09-05 00:00:00,GBP,GB,GBP,0, , , , ,Games,,iPhone,iOS
1,2,721668874,APPLE,US,com.hopy.FRIV ,Hopy Games ,Hopy Games ,1.9,3F,2.00,0.00000,0E-10,2016-09-05 00:00:00,2016-09-05 00:00:00,TRY,TR,TRY,0, , , , ,Games,,iPhone,iOS
1,2,1051585143,APPLE,US,air.com.pegasgames.wheely5 ,Hopy Games ,Wheelie 5 - Armageddon Free ,1.21,3F,1.00,0.00000,0E-10,2016-09-05 00:00:00,2016-09-05 00:00:00,USD,AZ,USD,0, , , , ,Games,,iPad,iOS
1,2,592714996,APPLE,US,hatchtheegg ,Hopy Games ,Hatch the Egg - kids game ,1.0.3,3F,6.00,0.00000,0E-10,2016-09-05 00:00:00,2016-09-05 00:00:00,GBP,GB,GBP,0, , , , ,Games,,iPad,iOS
1,2,721668874,APPLE,US,com.hopy.FRIV ,Hopy Games ,Hopy Games ,1.9,3F,9.00,0.00000,0E-10,2016-09-05 00:00:00,2016-09-05 00:00:00,GBP,GB,GBP,0, , , , ,Games,,iPad,iOS
1,2,846476771,APPLE,US,ztd1 ,Hopy Games ,Zombies TD ,1.0.3,7F,1.00,0.00000,0E-10,2016-09-05 00:00:00,2016-09-05 00:00:00,GBP,GB,GBP,0, , , , ,Games,,iPad,iOS
1,2,1051585143,APPLE,US,air.com.pegasgames.wheely5 ,Hopy Games ,Wheelie 5 - Armageddon Free ,1.21,3F,2.00,0.00000,0E-10,2016-09-05 00:00:00,2016-09-05 00:00:00,GBP,GB,GBP,0, , , , ,Games,,iPad,iOS
1,2,721668874,APPLE,US,com.hopy.FRIV ,Hopy Games ,Hopy Games ,1.9,3F,1.00,0.00000,0E-10,2016-09-05 00:00:00,2016-09-05 00:00:00,EUR,DE,EUR,0, , , , ,Games,,iPhone,iOS
1,2,680358411,APPLE,US,RCHelicopter ,Hopy Games ,RC Helicopter Challenge 3D Flight Simulator ,1.3,3F,1.00,0.00000,0E-10,2016-09-05 00:00:00,2016-09-05 00:00:00,EUR,DE,EUR,0, , , , ,Games,,iPad,iOS
1,2,1051252134,APPLE,US,com.pegasgames.wheely4 ,Hopy Games ,Wheelie 4 - Time Travel ,1.32,3F,1.00,0.00000,0E-10,2016-09-05 00:00:00,2016-09-05 00:00:00,USD,EG,USD,0, , , , ,Games,,iPhone,iOS
1,2,1084266569,APPLE,US,com.ragdoll.achievement ,Hopy Games ,Ragdoll Achievement ,2.0,3F,1.00,0.00000,0E-10,2016-09-05 00:00:00,2016-09-05 00:00:00,RUB,RU,RUB,0, , , , ,Games,,iPad,iOS
1,2,721668874,APPLE,US,com.hopy.FRIV ,Hopy Games ,Hopy Games ,1.9,3F,1.00,0.00000,0E-10,2016-09-05 00:00:00,2016-09-05 00:00:00,USD,QA,USD,0, , , , ,Games,,iPad,iOS
1,2,1051252134,APPLE,US,com.pegasgames.wheely4 ,Hopy Games ,Wheelie 4 - Time Travel ,1.32,7F,2.00,0.00000,0E-10,2016-09-05 00:00:00,2016-09-05 00:00:00,RUB,RU,RUB,0, , , , ,Games,,iPad,iOS
1,2,1051252134,APPLE,US,com.pegasgames.wheely4 ,Hopy Games ,Wheelie 4 - Time Travel ,1.32,7F,1.00,0.00000,0E-10,2016-09-05 00:00:00,2016-09-05 00:00:00,AED,AE,AED,0, , , , ,Games,,iPad,iOS
1,2,1051252134,APPLE,US,com.pegasgames.wheely4 ,Hopy Games ,Wheelie 4 - Time Travel ,1.32,3F,1.00,0.00000,0E-10,2016-09-05 00:00:00,2016-09-05 00:00:00,USD,PK,USD,0, , , , ,Games,,iPad,iOS
1,2,1051585143,APPLE,US,air.com.pegasgames.wheely5 ,Hopy Games ,Wheelie 5 - Armageddon Free ,1.21,3F,1.00,0.00000,0E-10,2016-09-05 00:00:00,2016-09-05 00:00:00,RUB,RU,RUB,0, , , , ,Games,,iPhone,iOS
1,2,721668874,APPLE,US,com.hopy.FRIV ,Hopy Games ,Hopy Games ,1.9,3F,1.00,0.00000,0E-10,2016-09-05 00:00:00,2016-09-05 00:00:00,USD,MK,USD,0, , , , ,Games,,iPhone,iOS
1,2,976009672,APPLE,US,hopy_jellydad_2015 ,Hopy Games ,JellyDad Hero ,0.2,3F,1.00,0.00000,0E-10,2016-09-05 00:00:00,2016-09-05 00:00:00,SAR,SA,SAR,0, , , , ,Games,,iPad,iOS
1,2,836660853,APPLE,US,SKU_CatchTheFly ,Hopy Games ,Catch The Fly - FREE ,2.0,7F,1.00,0.00000,0E-10,2016-09-05 00:00:00,2016-09-05 00:00:00,GBP,GB,GBP,0, , , , ,Games,,iPhone,iOS
1,2,680358411,APPLE,US,RCHelicopter ,Hopy Games ,RC Helicopter Challenge 3D Flight Simulator ,1.3,7F,1.00,0.00000,0E-10,2016-09-05 00:00:00,2016-09-05 00:00:00,ZAR,ZA,ZAR,0, , , , ,Games,,iPad,iOS
1,2,738595009,APPLE,US,age.of.war.1 ,Hopy Games ,Age Of War - Revenge ,1,3F,1.00,0.00000,0E-10,2016-09-05 00:00:00,2016-09-05 00:00:00,EUR,GR,EUR,0, , , , ,Games,,iPad,iOS
1,2,721668874,APPLE,US,com.hopy.FRIV ,Hopy Games ,Hopy Games ,1.9,3F,1.00,0.00000,0E-10,2016-09-05 00:00:00,2016-09-05 00:00:00,TRY,TR,TRY,0, , , , ,Games,,iPad,iOS
1,2,680358411,APPLE,US,RCHelicopter ,Hopy Games ,RC Helicopter Challenge 3D Flight Simulator ,1.3,3F,1.00,0.00000,0E-10,2016-09-05 00:00:00,2016-09-05 00:00:00,EUR,ES,EUR,0, , , , ,Games,,iPhone,iOS
1,2,836660853,APPLE,US,SKU_CatchTheFly ,Hopy Games ,Catch The Fly - FREE ,2.0,3F,1.00,0.00000,0E-10,2016-09-05 00:00:00,2016-09-05 00:00:00,SAR,SA,SAR,0, , , , ,Games,,iPad,iOS
1,2,721668874,APPLE,US,com.hopy.FRIV ,Hopy Games ,Hopy Games ,1.9,3F,1.00,0.00000,0E-10,2016-09-05 00:00:00,2016-09-05 00:00:00,USD,PK,USD,0, , , , ,Games,,iPad,iOS
1,2,721668874,APPLE,US,com.hopy.FRIV ,Hopy Games ,Hopy Games ,1.9,3F,1.00,0.00000,0E-10,2016-09-05 00:00:00,2016-09-05 00:00:00,DKK,DK,DKK,0, , , , ,Games,,iPad,iOS
1,2,887614543,APPLE,US,19861986 ,Hopy Games ,The Mighty Knight ,1.00,3F,1.00,0.00000,0E-10,2016-09-05 00:00:00,2016-09-05 00:00:00,EUR,RO,EUR,0, , , , ,Games,,iPhone,iOS
1,2,721668874,APPLE,US,com.hopy.FRIV ,Hopy Games ,Hopy Games ,1.9,3F,1.00,0.00000,0E-10,2016-09-05 00:00:00,2016-09-05 00:00:00,EUR,IT,EUR,0, , , , ,Games,,iPhone,iOS
1,2,721668874,APPLE,US,com.hopy.FRIV ,Hopy Games ,Hopy Games ,1.9,3F,6.00,0.00000,0E-10,2016-09-05 00:00:00,2016-09-05 00:00:00,GBP,GB,GBP,0, , , , ,Games,,iPhone,iOS
1,2,680358411,APPLE,US,RCHelicopter ,Hopy Games ,RC Helicopter Challenge 3D Flight Simulator ,1.3,3F,1.00,0.00000,0E-10,2016-09-05 00:00:00,2016-09-05 00:00:00,SEK,SE,SEK,0, , , , ,Games,,iPhone,iOS
1,2,976009672,APPLE,US,hopy_jellydad_2015 ,Hopy Games ,JellyDad Hero ,0.2,3F,6.00,0.00000,0E-10,2016-09-05 00:00:00,2016-09-05 00:00:00,GBP,GB,GBP,0, , , , ,Games,,iPad,iOS
1,2,1084266569,APPLE,US,com.ragdoll.achievement ,Hopy Games ,Ragdoll Achievement ,2.0,3F,1.00,0.00000,0E-10,2016-09-05 00:00:00,2016-09-05 00:00:00,RUB,RU,RUB,0, , , , ,Games,,iPhone,iOS
1,2,721668874,APPLE,US,com.hopy.FRIV ,Hopy Games ,Hopy Games ,1.9,3F,1.00,0.00000,0E-10,2016-09-05 00:00:00,2016-09-05 00:00:00,USD,AL,USD,0, , , , ,Games,,iPad,iOS
1,2,738595009,APPLE,US,age.of.war.1 ,Hopy Games ,Age Of War - Revenge ,1,3F,1.00,0.00000,0E-10,2016-09-05 00:00:00,2016-09-05 00:00:00,USD,BH,USD,0, , , , ,Games,,iPad,iOS
1,2,721668874,APPLE,US,com.hopy.FRIV ,Hopy Games ,Hopy Games ,1.9,3F,2.00,0.00000,0E-10,2016-09-05 00:00:00,2016-09-05 00:00:00,USD,TN,USD,0, , , , ,Games,,iPhone,iOS
1,2,721668874,APPLE,US,com.hopy.FRIV ,Hopy Games ,Hopy Games ,1.9,3F,1.00,0.00000,0E-10,2016-09-05 00:00:00,2016-09-05 00:00:00,USD,HR,USD,0, , , , ,Games,,iPhone,iOS
1,2,721668874,APPLE,US,com.hopy.FRIV ,Hopy Games ,Hopy Games ,1.9,3F,1.00,0.00000,0E-10,2016-09-05 00:00:00,2016-09-05 00:00:00,SAR,SA,SAR,0, , , , ,Games,,iPad,iOS
1,2,721668874,APPLE,US,com.hopy.FRIV ,Hopy Games ,Hopy Games ,1.9,3F,1.00,0.00000,0E-10,2016-09-05 00:00:00,2016-09-05 00:00:00,CNY,CN,CNY,0, , , , ,Games,,iPad,iOS
1,2,919111004,APPLE,US,ajj3d2014,Hopy Games,Airliner Jumbo Jets,1.0,1F,1.00,0.00000,0E-10,2016-09-05 00:00:00,2016-09-05 00:00:00,USD,BW,USD,0, , , , ,Games,,iPad,iOS
1,2,926163137,APPLE,US,com.Pirate.Clash,Hopy Games,Pirate Clash,1.0.0,1F,1.00,0.00000,0E-10,2016-09-05 00:00:00,2016-09-05 00:00:00,ZAR,ZA,ZAR,0, , , , ,Games,,iPad,iOS
1,2,721668874,APPLE,US,com.hopy.FRIV,Hopy Games,Hopy Games,1.9,1F,1.00,0.00000,0E-10,2016-09-05 00:00:00,2016-09-05 00:00:00,USD,JO,USD,0, , , , ,Games,,iPad,iOS
1,2,721668874,APPLE,US,com.hopy.FRIV,Hopy Games,Hopy Games,1.9,1F,2.00,0.00000,0E-10,2016-09-05 00:00:00,2016-09-05 00:00:00,USD,EG,USD,0, , , , ,Games,,iPad,iOS
1,2,721668874,APPLE,US,com.hopy.FRIV,Hopy Games,Hopy Games,1.9,1F,1.00,0.00000,0E-10,2016-09-05 00:00:00,2016-09-05 00:00:00,USD,BW,USD,0, , , , ,Games,,iPad,iOS
1,2,680358411,APPLE,US,RCHelicopter,Hopy Games,RC Helicopter Challenge 3D Flight Simulator,1.3,1F,1.00,0.00000,0E-10,2016-09-05 00:00:00,2016-09-05 00:00:00,EUR,IT,EUR,0, , , , ,Games,,iPad,iOS
1,2,721668874,APPLE,US,com.hopy.FRIV,Hopy Games,Hopy Games,1.9,1F,3.00,0.00000,0E-10,2016-09-05 00:00:00,2016-09-05 00:00:00,SEK,SE,SEK,0, , , , ,Games,,iPhone,iOS
1,2,680358411,APPLE,US,RCHelicopter,Hopy Games,RC Helicopter Challenge 3D Flight Simulator,1.3,1F,1.00,0.00000,0E-10,2016-09-05 00:00:00,2016-09-05 00:00:00,USD,HR,USD,0, , , , ,Games,,iPad,iOS
1,2,721668874,APPLE,US,com.hopy.FRIV,Hopy Games,Hopy Games,1.9,1F,1.00,0.00000,0E-10,2016-09-05 00:00:00,2016-09-05 00:00:00,EUR,SI,EUR,0, , , , ,Games,,iPhone,iOS
1,2,887614543,APPLE,US,19861986,Hopy Games,The Mighty Knight,1.00,1F,1.00,0.00000,0E-10,2016-09-05 00:00:00,2016-09-05 00:00:00,DKK,DK,DKK,0, , , , ,Games,,iPhone,iOS
1,2,680358411,APPLE,US,RCHelicopter,Hopy Games,RC Helicopter Challenge 3D Flight Simulator,1.3,1F,2.00,0.00000,0E-10,2016-09-05 00:00:00,2016-09-05 00:00:00,EUR,NL,EUR,0, , , , ,Games,,iPad,iOS
1,2,680358411,APPLE,US,RCHelicopter,Hopy Games,RC Helicopter Challenge 3D Flight Simulator,1.3,1F,1.00,0.00000,0E-10,2016-09-05 00:00:00,2016-09-05 00:00:00,EUR,DE,EUR,0, , , , ,Games,,iPhone,iOS
1,2,887614543,APPLE,US,19861986,Hopy Games,The Mighty Knight,1.00,1F,1.00,0.00000,0E-10,2016-09-05 00:00:00,2016-09-05 00:00:00,EUR,CZ,EUR,0, , , , ,Games,,iPad,iOS
1,2,721668874,APPLE,US,com.hopy.FRIV,Hopy Games,Hopy Games,1.9,1F,1.00,0.00000,0E-10,2016-09-05 00:00:00,2016-09-05 00:00:00,EUR,GR,EUR,0, , , , ,Games,,iPod touch,iOS
1,2,721668874,APPLE,US,com.hopy.FRIV,Hopy Games,Hopy Games,1.9,1F,1.00,0.00000,0E-10,2016-09-05 00:00:00,2016-09-05 00:00:00,AED,AE,AED,0, , , , ,Games,,iPad,iOS
1,2,721668874,APPLE,US,com.hopy.FRIV,Hopy Games,Hopy Games,1.9,1F,4.00,0.00000,0E-10,2016-09-05 00:00:00,2016-09-05 00:00:00,TRY,TR,TRY,0, , , , ,Games,,iPhone,iOS
1,2,721668874,APPLE,US,com.hopy.FRIV,Hopy Games,Hopy Games,1.9,1F,1.00,0.00000,0E-10,2016-09-05 00:00:00,2016-09-05 00:00:00,EUR,ES,EUR,0, , , , ,Games,,iPad,iOS
1,2,926163137,APPLE,US,com.Pirate.Clash,Hopy Games,Pirate Clash,1.0.0,1F,1.00,0.00000,0E-10,2016-09-05 00:00:00,2016-09-05 00:00:00,SEK,SE,SEK,0, , , , ,Games,,iPhone,iOS
1,2,721668874,APPLE,US,com.hopy.FRIV,Hopy Games,Hopy Games,1.9,1F,1.00,0.00000,0E-10,2016-09-05 00:00:00,2016-09-05 00:00:00,GBP,GB,GBP,0, , , , ,Games,,iPod touch,iOS
1,2,721668874,APPLE,US,com.hopy.FRIV,Hopy Games,Hopy Games,1.9,1F,1.00,0.00000,0E-10,2016-09-05 00:00:00,2016-09-05 00:00:00,USD,HR,USD,0, , , , ,Games,,iPad,iOS
1,2,738595009,APPLE,US,age.of.war.1,Hopy Games,Age Of War - Revenge,1,1F,1.00,0.00000,0E-10,2016-09-05 00:00:00,2016-09-05 00:00:00,EUR,ES,EUR,0, , , , ,Games,,iPhone,iOS
1,2,721668874,APPLE,US,com.hopy.FRIV,Hopy Games,Hopy Games,1.9,1F,1.00,0.00000,0E-10,2016-09-05 00:00:00,2016-09-05 00:00:00,DKK,DK,DKK,0, , , , ,Games,,iPhone,iOS
1,2,721668874,APPLE,US,com.hopy.FRIV,Hopy Games,Hopy Games,1.9,1F,1.00,0.00000,0E-10,2016-09-05 00:00:00,2016-09-05 00:00:00,EUR,PT,EUR,0, , , , ,Games,,iPhone,iOS
1,2,721668874,APPLE,US,com.hopy.FRIV,Hopy Games,Hopy Games,1.9,1F,1.00,0.00000,0E-10,2016-09-05 00:00:00,2016-09-05 00:00:00,TRY,TR,TRY,0, , , , ,Games,,iPad,iOS
1,2,593015375,APPLE,US,ancientpyramidescape,Hopy Games,Ancient Pyramid Escape,1.0.4,1F,1.00,0.00000,0E-10,2016-09-05 00:00:00,2016-09-05 00:00:00,SAR,SA,SAR,0, , , , ,Games,,iPhone,iOS
1,2,1137579480,APPLE,US,com.ofir.catchthefly2,Hopy Games,Catch The Fly 2,1.0,1F,1.00,0.00000,0E-10,2016-09-05 00:00:00,2016-09-05 00:00:00,USD,LB,USD,0, , , , ,Games,,iPhone,iOS
1,2,1084266569,APPLE,US,com.ragdoll.achievement,Hopy Games,Ragdoll Achievement,2.0,1F,1.00,0.00000,0E-10,2016-09-05 00:00:00,2016-09-05 00:00:00,USD,UA,USD,0, , , , ,Games,,iPad,iOS
1,2,1137579480,APPLE,US,com.ofir.catchthefly2,Hopy Games,Catch The Fly 2,1.0,1F,1.00,0.00000,0E-10,2016-09-05 00:00:00,2016-09-05 00:00:00,EUR,RO,EUR,0, , , , ,Games,,iPad,iOS
1,2,1051252134,APPLE,US,com.pegasgames.wheely4,Hopy Games,Wheelie 4 - Time Travel,1.32,1F,2.00,0.00000,0E-10,2016-09-05 00:00:00,2016-09-05 00:00:00,TRY,TR,TRY,0, , , , ,Games,,iPad,iOS
1,2,1051252134,APPLE,US,com.pegasgames.wheely4,Hopy Games,Wheelie 4 - Time Travel,1.32,1F,1.00,0.00000,0E-10,2016-09-05 00:00:00,2016-09-05 00:00:00,EUR,IT,EUR,0, , , , ,Games,,iPhone,iOS
1,2,1051585143,APPLE,US,air.com.pegasgames.wheely5,Hopy Games,Wheelie 5 - Armageddon Free,1.21,1F,1.00,0.00000,0E-10,2016-09-05 00:00:00,2016-09-05 00:00:00,SEK,SE,SEK,0, , , , ,Games,,iPad,iOS
1,2,721668874,APPLE,US,com.hopy.FRIV,Hopy Games,Hopy Games,1.9,1F,2.00,0.00000,0E-10,2016-09-05 00:00:00,2016-09-05 00:00:00,USD,PK,USD,0, , , , ,Games,,iPad,iOS
1,2,1051585143,APPLE,US,air.com.pegasgames.wheely5,Hopy Games,Wheelie 5 - Armageddon Free,1.21,1F,1.00,0.00000,0E-10,2016-09-05 00:00:00,2016-09-05 00:00:00,GBP,GB,GBP,0, , , , ,Games,,iPad,iOS
1,2,738595009,APPLE,US,age.of.war.1,Hopy Games,Age Of War - Revenge,1,1F,1.00,0.00000,0E-10,2016-09-05 00:00:00,2016-09-05 00:00:00,ILS,IL,ILS,0, , , , ,Games,,iPhone,iOS
1,2,1051252134,APPLE,US,com.pegasgames.wheely4,Hopy Games,Wheelie 4 - Time Travel,1.32,1F,2.00,0.00000,0E-10,2016-09-05 00:00:00,2016-09-05 00:00:00,AED,AE,AED,0, , , , ,Games,,iPad,iOS
1,2,721668874,APPLE,US,com.hopy.FRIV,Hopy Games,Hopy Games,1.9,1F,2.00,0.00000,0E-10,2016-09-05 00:00:00,2016-09-05 00:00:00,EUR,IT,EUR,0, , , , ,Games,,iPhone,iOS
1,2,1051252134,APPLE,US,com.pegasgames.wheely4,Hopy Games,Wheelie 4 - Time Travel,1.32,1F,1.00,0.00000,0E-10,2016-09-05 00:00:00,2016-09-05 00:00:00,USD,EG,USD,0, , , , ,Games,,iPad,iOS
1,2,738595009,APPLE,US,age.of.war.1,Hopy Games,Age Of War - Revenge,1,1F,1.00,0.00000,0E-10,2016-09-05 00:00:00,2016-09-05 00:00:00,EUR,DE,EUR,0, , , , ,Games,,iPad,iOS
1,2,907063329,APPLE,US,com.ofir.pregapp,Hopy Games,PregApp,1.0.2,1F,1.00,0.00000,0E-10,2016-09-05 00:00:00,2016-09-05 00:00:00,EUR,IE,EUR,0, , , , ,Education,,iPhone,iOS
1,2,1084266569,APPLE,US,com.ragdoll.achievement,Hopy Games,Ragdoll Achievement,2.0,1F,1.00,0.00000,0E-10,2016-09-05 00:00:00,2016-09-05 00:00:00,EUR,BE,EUR,0, , , , ,Games,,iPhone,iOS
1,2,1051585143,APPLE,US,air.com.pegasgames.wheely5,Hopy Games,Wheelie 5 - Armageddon Free,1.21,1F,1.00,0.00000,0E-10,2016-09-05 00:00:00,2016-09-05 00:00:00,AED,AE,AED,0, , , , ,Games,,iPad,iOS
1,2,1051252134,APPLE,US,com.pegasgames.wheely4,Hopy Games,Wheelie 4 - Time Travel,1.32,1F,2.00,0.00000,0E-10,2016-09-05 00:00:00,2016-09-05 00:00:00,EUR,DE,EUR,0, , , , ,Games,,iPhone,iOS
1,2,1051266528,APPLE,US,air.com.pegasgames.wheely4.unlocklevels, ,Unlock All Levels, ,IA1,1.00,3.57000,0.9520000000,2016-09-05 00:00:00,2016-09-05 00:00:00,SAR,SA,SAR,7.29, ,com.pegasgames.wheely4, , ,Games,,iPad,iOS
1,2,1084266569,APPLE,US,com.ragdoll.achievement,Hopy Games,Ragdoll Achievement,2.0,1F,1.00,0.00000,0E-10,2016-09-05 00:00:00,2016-09-05 00:00:00,EUR,FR,EUR,0, , , , ,Games,,iPhone,iOS
1,2,1084266569,APPLE,US,com.ragdoll.achievement,Hopy Games,Ragdoll Achievement,2.0,1F,1.00,0.00000,0E-10,2016-09-05 00:00:00,2016-09-05 00:00:00,RUB,RU,RUB,0, , , , ,Games,,iPod touch,iOS
1,2,1084266569,APPLE,US,com.ragdoll.achievement,Hopy Games,Ragdoll Achievement,2.0,1F,3.00,0.00000,0E-10,2016-09-05 00:00:00,2016-09-05 00:00:00,RUB,RU,RUB,0, , , , ,Games,,iPhone,iOS
1,2,680358411,APPLE,US,RCHelicopter,Hopy Games,RC Helicopter Challenge 3D Flight Simulator,1.3,1F,1.00,0.00000,0E-10,2016-09-05 00:00:00,2016-09-05 00:00:00,NOK,NO,NOK,0, , , , ,Games,,iPhone,iOS
1,2,1051252134,APPLE,US,com.pegasgames.wheely4,Hopy Games,Wheelie 4 - Time Travel,1.32,1F,1.00,0.00000,0E-10,2016-09-05 00:00:00,2016-09-05 00:00:00,USD,UA,USD,0, , , , ,Games,,iPhone,iOS
1,2,1084266569,APPLE,US,com.ragdoll.achievement,Hopy Games,Ragdoll Achievement,2.0,1F,1.00,0.00000,0E-10,2016-09-05 00:00:00,2016-09-05 00:00:00,EUR,IT,EUR,0, , , , ,Games,,iPhone,iOS
1,2,941006873,APPLE,US,com.hopy.RunHopyRun,Hopy Games,Run Hopy Run,1.0.0,1F,1.00,0.00000,0E-10,2016-09-05 00:00:00,2016-09-05 00:00:00,RUB,RU,RUB,0, , , , ,Games,,iPad,iOS
1,2,721668874,APPLE,US,com.hopy.FRIV,Hopy Games,Hopy Games,1.9,1F,1.00,0.00000,0E-10,2016-09-05 00:00:00,2016-09-05 00:00:00,ILS,IL,ILS,0, , , , ,Games,,iPod touch,iOS
1,2,941006873,APPLE,US,com.hopy.RunHopyRun,Hopy Games,Run Hopy Run,1.0.0,1F,1.00,0.00000,0E-10,2016-09-05 00:00:00,2016-09-05 00:00:00,EUR,DE,EUR,0, , , , ,Games,,iPhone,iOS
1,2,721668874,APPLE,US,com.hopy.FRIV,Hopy Games,Hopy Games,1.9,1F,1.00,0.00000,0E-10,2016-09-05 00:00:00,2016-09-05 00:00:00,ZAR,ZA,ZAR,0, , , , ,Games,,iPhone,iOS
1,2,721668874,APPLE,US,com.hopy.FRIV,Hopy Games,Hopy Games,1.9,1F,1.00,0.00000,0E-10,2016-09-05 00:00:00,2016-09-05 00:00:00,USD,BH,USD,0, , , , ,Games,,iPad,iOS
1,2,589285699,APPLE,US,73536246639,Hopy Games,Celeb Dress Up - Selena Gomez Edition,1.0.1,1T,1.00,0.00000,0E-10,2016-09-05 00:00:00,2016-09-05 00:00:00,USD,LB,USD,0, , , , ,Games,,iPad,iOS
1,2,887614543,APPLE,US,19861986,Hopy Games,The Mighty Knight,1.00,1F,2.00,0.00000,0E-10,2016-09-05 00:00:00,2016-09-05 00:00:00,GBP,GB,GBP,0, , , , ,Games,,iPhone,iOS
1,2,721668874,APPLE,US,com.hopy.FRIV,Hopy Games,Hopy Games,1.9,1F,2.00,0.00000,0E-10,2016-09-05 00:00:00,2016-09-05 00:00:00,CHF,CH,CHF,0, , , , ,Games,,iPhone,iOS
1,2,1051585143,APPLE,US,air.com.pegasgames.wheely5,Hopy Games,Wheelie 5 - Armageddon Free,1.21,1F,1.00,0.00000,0E-10,2016-09-05 00:00:00,2016-09-05 00:00:00,EUR,IT,EUR,0, , , , ,Games,,iPhone,iOS
1,2,1051252134,APPLE,US,com.pegasgames.wheely4,Hopy Games,Wheelie 4 - Time Travel,1.32,1F,1.00,0.00000,0E-10,2016-09-05 00:00:00,2016-09-05 00:00:00,EUR,HU,EUR,0, , , , ,Games,,iPad,iOS
1,2,721668874,APPLE,US,com.hopy.FRIV,Hopy Games,Hopy Games,1.9,1F,1.00,0.00000,0E-10,2016-09-05 00:00:00,2016-09-05 00:00:00,EUR,GR,EUR,0, , , , ,Games,,iPad,iOS
1,2,721668874,APPLE,US,com.hopy.FRIV,Hopy Games,Hopy Games,1.9,1F,4.00,0.00000,0E-10,2016-09-05 00:00:00,2016-09-05 00:00:00,EUR,ES,EUR,0, , , , ,Games,,iPhone,iOS
1,2,680358411,APPLE,US,RCHelicopter,Hopy Games,RC Helicopter Challenge 3D Flight Simulator,1.3,1F,1.00,0.00000,0E-10,2016-09-05 00:00:00,2016-09-05 00:00:00,RUB,RU,RUB,0, , , , ,Games,,iPhone,iOS
1,2,1051252134,APPLE,US,com.pegasgames.wheely4,Hopy Games,Wheelie 4 - Time Travel,1.32,1F,1.00,0.00000,0E-10,2016-09-05 00:00:00,2016-09-05 00:00:00,GBP,GB,GBP,0, , , , ,Games,,iPad,iOS
1,2,1084266569,APPLE,US,com.ragdoll.achievement,Hopy Games,Ragdoll Achievement,2.0,1F,1.00,0.00000,0E-10,2016-09-05 00:00:00,2016-09-05 00:00:00,GBP,GB,GBP,0, , , , ,Games,,iPhone,iOS
1,2,721668874,APPLE,US,com.hopy.FRIV,Hopy Games,Hopy Games,1.9,1F,1.00,0.00000,0E-10,2016-09-05 00:00:00,2016-09-05 00:00:00,EUR,CZ,EUR,0, , , , ,Games,,iPad,iOS
1,2,738595009,APPLE,US,age.of.war.1,Hopy Games,Age Of War - Revenge,1,1F,1.00,0.00000,0E-10,2016-09-05 00:00:00,2016-09-05 00:00:00,USD,EG,USD,0, , , , ,Games,,iPad,iOS
1,2,718353901,APPLE,US,HopyTree,Hopy Games,Hopy Tree,1,1F,1.00,0.00000,0E-10,2016-09-05 00:00:00,2016-09-05 00:00:00,USD,EG,USD,0, , , , ,Games,,iPad,iOS
1,2,1051585143,APPLE,US,air.com.pegasgames.wheely5,Hopy Games,Wheelie 5 - Armageddon Free,1.21,1F,2.00,0.00000,0E-10,2016-09-05 00:00:00,2016-09-05 00:00:00,RUB,RU,RUB,0, , , , ,Games,,iPad,iOS
1,2,836660853,APPLE,US,SKU_CatchTheFly,Hopy Games,Catch The Fly - FREE,2.0,1F,1.00,0.00000,0E-10,2016-09-05 00:00:00,2016-09-05 00:00:00,EUR,RO,EUR,0, , , , ,Games,,iPad,iOS
1,2,907063329,APPLE,US,com.ofir.pregapp,Hopy Games,PregApp,1.0.2,1F,1.00,0.00000,0E-10,2016-09-05 00:00:00,2016-09-05 00:00:00,GBP,GB,GBP,0, , , , ,Education,,iPhone,iOS
1,2,1084266569,APPLE,US,com.ragdoll.achievement,Hopy Games,Ragdoll Achievement,2.0,1F,6.00,0.00000,0E-10,2016-09-05 00:00:00,2016-09-05 00:00:00,GBP,GB,GBP,0, , , , ,Games,,iPad,iOS
1,2,1051252134,APPLE,US,com.pegasgames.wheely4,Hopy Games,Wheelie 4 - Time Travel,1.32,1F,1.00,0.00000,0E-10,2016-09-05 00:00:00,2016-09-05 00:00:00,TRY,TR,TRY,0, , , , ,Games,,iPhone,iOS
1,2,1051585143,APPLE,US,air.com.pegasgames.wheely5,Hopy Games,Wheelie 5 - Armageddon Free,1.21,1F,1.00,0.00000,0E-10,2016-09-05 00:00:00,2016-09-05 00:00:00,USD,EG,USD,0, , , , ,Games,,iPad,iOS
1,2,1051585143,APPLE,US,air.com.pegasgames.wheely5,Hopy Games,Wheelie 5 - Armageddon Free,1.21,1F,1.00,0.00000,0E-10,2016-09-05 00:00:00,2016-09-05 00:00:00,TRY,TR,TRY,0, , , , ,Games,,iPad,iOS
1,2,976009672,APPLE,US,hopy_jellydad_2015,Hopy Games,JellyDad Hero,0.2,1F,1.00,0.00000,0E-10,2016-09-05 00:00:00,2016-09-05 00:00:00,SAR,SA,SAR,0, , , , ,Games,,iPad,iOS
1,2,1084266569,APPLE,US,com.ragdoll.achievement,Hopy Games,Ragdoll Achievement,2.0,1F,1.00,0.00000,0E-10,2016-09-05 00:00:00,2016-09-05 00:00:00,ZAR,ZA,ZAR,0, , , , ,Games,,iPhone,iOS
1,2,907063329,APPLE,US,com.ofir.pregapp,Hopy Games,PregApp,1.0.2,1F,1.00,0.00000,0E-10,2016-09-05 00:00:00,2016-09-05 00:00:00,EUR,NL,EUR,0, , , , ,Education,,iPhone,iOS
1,2,919111004,APPLE,US,ajj3d2014,Hopy Games,Airliner Jumbo Jets,1.0,1F,1.00,0.00000,0E-10,2016-09-05 00:00:00,2016-09-05 00:00:00,AED,AE,AED,0, , , , ,Games,,iPhone,iOS
1,2,721668874,APPLE,US,com.hopy.FRIV,Hopy Games,Hopy Games,1.9,1F,2.00,0.00000,0E-10,2016-09-05 00:00:00,2016-09-05 00:00:00,EUR,RO,EUR,0, , , , ,Games,,iPhone,iOS
1,2,738595009,APPLE,US,age.of.war.1,Hopy Games,Age Of War - Revenge,1,1F,1.00,0.00000,0E-10,2016-09-05 00:00:00,2016-09-05 00:00:00,EUR,DE,EUR,0, , , , ,Games,,iPhone,iOS
1,2,721668874,APPLE,US,com.hopy.FRIV,Hopy Games,Hopy Games,1.9,1F,3.00,0.00000,0E-10,2016-09-05 00:00:00,2016-09-05 00:00:00,GBP,GB,GBP,0, , , , ,Games,,iPhone,iOS
1,2,1051252134,APPLE,US,com.pegasgames.wheely4,Hopy Games,Wheelie 4 - Time Travel,1.32,1F,1.00,0.00000,0E-10,2016-09-05 00:00:00,2016-09-05 00:00:00,EUR,BE,EUR,0, , , , ,Games,,iPad,iOS
1,2,1051252134,APPLE,US,com.pegasgames.wheely4,Hopy Games,Wheelie 4 - Time Travel,1.32,1F,1.00,0.00000,0E-10,2016-09-05 00:00:00,2016-09-05 00:00:00,GBP,GB,GBP,0, , , , ,Games,,iPhone,iOS
1,2,738595009,APPLE,US,age.of.war.1,Hopy Games,Age Of War - Revenge,1,1F,1.00,0.00000,0E-10,2016-09-05 00:00:00,2016-09-05 00:00:00,GBP,GB,GBP,0, , , , ,Games,,iPad,iOS
1,2,721668874,APPLE,US,com.hopy.FRIV,Hopy Games,Hopy Games,1.9,1F,1.00,0.00000,0E-10,2016-09-05 00:00:00,2016-09-05 00:00:00,EUR,IT,EUR,0, , , , ,Games,,iPad,iOS
1,2,1051252134,APPLE,US,com.pegasgames.wheely4,Hopy Games,Wheelie 4 - Time Travel,1.32,1F,2.00,0.00000,0E-10,2016-09-05 00:00:00,2016-09-05 00:00:00,SAR,SA,SAR,0, , , , ,Games,,iPad,iOS
1,2,1051252134,APPLE,US,com.pegasgames.wheely4,Hopy Games,Wheelie 4 - Time Travel,1.32,1F,1.00,0.00000,0E-10,2016-09-05 00:00:00,2016-09-05 00:00:00,USD,PK,USD,0, , , , ,Games,,iPad,iOS
1,2,1084266569,APPLE,US,com.ragdoll.achievement,Hopy Games,Ragdoll Achievement,2.0,1F,1.00,0.00000,0E-10,2016-09-05 00:00:00,2016-09-05 00:00:00,RUB,RU,RUB,0, , , , ,Games,,iPad,iOS
1,2,1051585143,APPLE,US,air.com.pegasgames.wheely5,Hopy Games,Wheelie 5 - Armageddon Free,1.21,1F,1.00,0.00000,0E-10,2016-09-05 00:00:00,2016-09-05 00:00:00,TRY,TR,TRY,0, , , , ,Games,,iPhone,iOS
1,2,1084266569,APPLE,US,com.ragdoll.achievement,Hopy Games,Ragdoll Achievement,2.0,1F,1.00,0.00000,0E-10,2016-09-05 00:00:00,2016-09-05 00:00:00,EUR,NL,EUR,0, , , , ,Games,,iPad,iOS
1,2,1084266569,APPLE,US,com.ragdoll.achievement,Hopy Games,Ragdoll Achievement,2.0,1F,1.00,0.00000,0E-10,2016-09-05 00:00:00,2016-09-05 00:00:00,EUR,IT,EUR,0, , , , ,Games,,iPad,iOS
1,2,721668874,APPLE,US,com.hopy.FRIV,Hopy Games,Hopy Games,1.9,1F,2.00,0.00000,0E-10,2016-09-05 00:00:00,2016-09-05 00:00:00,EUR,FR,EUR,0, , , , ,Games,,iPhone,iOS
1,2,721668874,APPLE,US,com.hopy.FRIV,Hopy Games,Hopy Games,1.9,1F,1.00,0.00000,0E-10,2016-09-05 00:00:00,2016-09-05 00:00:00,SEK,SE,SEK,0, , , , ,Games,,iPad,iOS
1,2,976009672,APPLE,US,hopy_jellydad_2015,Hopy Games,JellyDad Hero,0.2,1F,4.00,0.00000,0E-10,2016-09-05 00:00:00,2016-09-05 00:00:00,GBP,GB,GBP,0, , , , ,Games,,iPad,iOS
1,2,587951604,APPLE,US,528973779,Hopy Games,Celeb Dress Up - Katy Perry Edition,1.0.1,1T,1.00,0.00000,0E-10,2016-09-05 00:00:00,2016-09-05 00:00:00,AED,AE,AED,0, , , , ,Games,,iPad,iOS
1,2,976009672,APPLE,US,hopy_jellydad_2015,Hopy Games,JellyDad Hero,0.2,1F,1.00,0.00000,0E-10,2016-09-05 00:00:00,2016-09-05 00:00:00,TRY,TR,TRY,0, , , , ,Games,,iPhone,iOS
1,2,721668874,APPLE,US,com.hopy.FRIV,Hopy Games,Hopy Games,1.9,1F,1.00,0.00000,0E-10,2016-09-05 00:00:00,2016-09-05 00:00:00,EUR,PT,EUR,0, , , , ,Games,,iPad,iOS
1,2,721668874,APPLE,US,com.hopy.FRIV,Hopy Games,Hopy Games,1.9,1F,2.00,0.00000,0E-10,2016-09-05 00:00:00,2016-09-05 00:00:00,USD,HR,USD,0, , , , ,Games,,iPhone,iOS
1,2,1051585143,APPLE,US,air.com.pegasgames.wheely5,Hopy Games,Wheelie 5 - Armageddon Free,1.21,1F,2.00,0.00000,0E-10,2016-09-05 00:00:00,2016-09-05 00:00:00,SAR,SA,SAR,0, , , , ,Games,,iPad,iOS
1,2,680358411,APPLE,US,RCHelicopter,Hopy Games,RC Helicopter Challenge 3D Flight Simulator,1.3,1F,1.00,0.00000,0E-10,2016-09-05 00:00:00,2016-09-05 00:00:00,USD,QA,USD,0, , , , ,Games,,iPad,iOS
1,2,721668874,APPLE,US,com.hopy.FRIV,Hopy Games,Hopy Games,1.9,1F,3.00,0.00000,0E-10,2016-09-05 00:00:00,2016-09-05 00:00:00,SAR,SA,SAR,0, , , , ,Games,,iPad,iOS
1,2,1051585143,APPLE,US,air.com.pegasgames.wheely5,Hopy Games,Wheelie 5 - Armageddon Free,1.21,1F,2.00,0.00000,0E-10,2016-09-05 00:00:00,2016-09-05 00:00:00,EUR,DE,EUR,0, , , , ,Games,,iPhone,iOS
1,2,976009672,APPLE,US,hopy_jellydad_2015,Hopy Games,JellyDad Hero,0.2,1F,2.00,0.00000,0E-10,2016-09-05 00:00:00,2016-09-05 00:00:00,GBP,GB,GBP,0, , , , ,Games,,iPhone,iOS
1,2,721668874,APPLE,US,com.hopy.FRIV,Hopy Games,Hopy Games,1.9,1F,1.00,0.00000,0E-10,2016-09-05 00:00:00,2016-09-05 00:00:00,USD,AL,USD,0, , , , ,Games,,iPhone,iOS
1,2,976009672,APPLE,US,hopy_jellydad_2015,Hopy Games,JellyDad Hero,0.2,1F,1.00,0.00000,0E-10,2016-09-05 00:00:00,2016-09-05 00:00:00,GBP,GB,GBP,0, , , , ,Games,,iPod touch,iOS
1,2,680358411,APPLE,US,RCHelicopter,Hopy Games,RC Helicopter Challenge 3D Flight Simulator,1.3,1F,1.00,0.00000,0E-10,2016-09-05 00:00:00,2016-09-05 00:00:00,USD,QA,USD,0, , , , ,Games,,iPhone,iOS
1,2,1051252134,APPLE,US,com.pegasgames.wheely4,Hopy Games,Wheelie 4 - Time Travel,1.32,1F,1.00,0.00000,0E-10,2016-09-05 00:00:00,2016-09-05 00:00:00,EUR,PL,EUR,0, , , , ,Games,,iPad,iOS
1,2,738595009,APPLE,US,age.of.war.1,Hopy Games,Age Of War - Revenge,1,1F,1.00,0.00000,0E-10,2016-09-05 00:00:00,2016-09-05 00:00:00,USD,HR,USD,0, , , , ,Games,,iPhone,iOS
1,2,738595009,APPLE,US,age.of.war.1,Hopy Games,Age Of War - Revenge,1,1F,1.00,0.00000,0E-10,2016-09-05 00:00:00,2016-09-05 00:00:00,GBP,GB,GBP,0, , , , ,Games,,iPod touch,iOS
1,2,680358411,APPLE,US,RCHelicopter,Hopy Games,RC Helicopter Challenge 3D Flight Simulator,1.3,1F,1.00,0.00000,0E-10,2016-09-05 00:00:00,2016-09-05 00:00:00,SAR,SA,SAR,0, , , , ,Games,,iPad,iOS
1,2,1095230922,APPLE,US,pm.tap.zcj2,Hopy Games,Zombies Can't Jump 2,1.0.3,1F,2.00,0.00000,0E-10,2016-09-05 00:00:00,2016-09-05 00:00:00,EUR,DE,EUR,0, , , , ,Games,,iPad,iOS
1,2,680358411,APPLE,US,RCHelicopter,Hopy Games,RC Helicopter Challenge 3D Flight Simulator,1.3,1F,1.00,0.00000,0E-10,2016-09-05 00:00:00,2016-09-05 00:00:00,GBP,GB,GBP,0, , , , ,Games,,iPhone,iOS
1,2,915862931,APPLE,US,mpp3d2014,Hopy Games,Military Plane Parking,1.0,1F,1.00,0.00000,0E-10,2016-09-05 00:00:00,2016-09-05 00:00:00,USD,DZ,USD,0, , , , ,Games,,iPad,iOS
1,2,836660853,APPLE,US,SKU_CatchTheFly,Hopy Games,Catch The Fly - FREE,2.0,1F,1.00,0.00000,0E-10,2016-09-05 00:00:00,2016-09-05 00:00:00,ILS,IL,ILS,0, , , , ,Games,,iPod touch,iOS
1,2,1084266569,APPLE,US,com.ragdoll.achievement,Hopy Games,Ragdoll Achievement,2.0,1F,1.00,0.00000,0E-10,2016-09-05 00:00:00,2016-09-05 00:00:00,DKK,DK,DKK,0, , , , ,Games,,iPad,iOS
1,2,1051252134,APPLE,US,com.pegasgames.wheely4,Hopy Games,Wheelie 4 - Time Travel,1.32,1F,1.00,0.00000,0E-10,2016-09-05 00:00:00,2016-09-05 00:00:00,EUR,FR,EUR,0, , , , ,Games,,iPhone,iOS
1,2,1051252134,APPLE,US,com.pegasgames.wheely4,Hopy Games,Wheelie 4 - Time Travel,1.32,1F,2.00,0.00000,0E-10,2016-09-05 00:00:00,2016-09-05 00:00:00,SEK,SE,SEK,0, , , , ,Games,,iPad,iOS
1,2,1084266569,APPLE,US,com.ragdoll.achievement,Hopy Games,Ragdoll Achievement,2.0,1F,1.00,0.00000,0E-10,2016-09-05 00:00:00,2016-09-05 00:00:00,EUR,NL,EUR,0, , , , ,Games,,iPhone,iOS
1,2,1084266569,APPLE,US,com.ragdoll.achievement,Hopy Games,Ragdoll Achievement,2.0,1F,1.00,0.00000,0E-10,2016-09-05 00:00:00,2016-09-05 00:00:00,EUR,PT,EUR,0, , , , ,Games,,iPhone,iOS
1,2,721668874,APPLE,US,com.hopy.FRIV,Hopy Games,Hopy Games,1.9,1F,3.00,0.00000,0E-10,2016-09-05 00:00:00,2016-09-05 00:00:00,GBP,GB,GBP,0, , , , ,Games,,iPad,iOS
1,2,738595009,APPLE,US,age.of.war.1 ,Hopy Games ,Age Of War - Revenge ,1,3F,1.00,0.00000,0E-10,2016-09-05 00:00:00,2016-09-05 00:00:00,USD,VN,USD,0, , , , ,Games,,iPad,iOS
1,2,1051252134,APPLE,US,com.pegasgames.wheely4 ,Hopy Games ,Wheelie 4 - Time Travel ,1.32,3F,1.00,0.00000,0E-10,2016-09-05 00:00:00,2016-09-05 00:00:00,THB,TH,THB,0, , , , ,Games,,iPad,iOS
1,2,1051252134,APPLE,US,com.pegasgames.wheely4 ,Hopy Games ,Wheelie 4 - Time Travel ,1.32,3F,1.00,0.00000,0E-10,2016-09-05 00:00:00,2016-09-05 00:00:00,USD,KZ,USD,0, , , , ,Games,,iPhone,iOS
1,2,721668874,APPLE,US,com.hopy.FRIV ,Hopy Games ,Hopy Games ,1.9,3F,1.00,0.00000,0E-10,2016-09-05 00:00:00,2016-09-05 00:00:00,INR,IN,INR,0, , , , ,Games,,iPad,iOS
1,2,1051585143,APPLE,US,air.com.pegasgames.wheely5 ,Hopy Games ,Wheelie 5 - Armageddon Free ,1.21,3F,1.00,0.00000,0E-10,2016-09-05 00:00:00,2016-09-05 00:00:00,THB,TH,THB,0, , , , ,Games,,iPad,iOS
1,2,721668874,APPLE,US,com.hopy.FRIV ,Hopy Games ,Hopy Games ,1.9,3F,1.00,0.00000,0E-10,2016-09-05 00:00:00,2016-09-05 00:00:00,CNY,CN,CNY,0, , , , ,Games,,iPhone,iOS
1,2,1051585143,APPLE,US,air.com.pegasgames.wheely5 ,Hopy Games ,Wheelie 5 - Armageddon Free ,1.21,3F,1.00,0.00000,0E-10,2016-09-05 00:00:00,2016-09-05 00:00:00,USD,VN,USD,0, , , , ,Games,,iPad,iOS
1,2,721668874,APPLE,US,com.hopy.FRIV ,Hopy Games ,Hopy Games ,1.9,3F,1.00,0.00000,0E-10,2016-09-05 00:00:00,2016-09-05 00:00:00,SGD,SG,SGD,0, , , , ,Games,,iPad,iOS
1,2,1095230922,APPLE,US,pm.tap.zcj2 ,Hopy Games ,Zombies Can't Jump 2 ,1.0.3,3F,1.00,0.00000,0E-10,2016-09-05 00:00:00,2016-09-05 00:00:00,CNY,CN,CNY,0, , , , ,Games,,iPad,iOS
1,2,721668874,APPLE,US,com.hopy.FRIV ,Hopy Games ,Hopy Games ,1.9,7F,1.00,0.00000,0E-10,2016-09-05 00:00:00,2016-09-05 00:00:00,INR,IN,INR,0, , , , ,Games,,iPad,iOS
1,2,721668874,APPLE,US,com.hopy.FRIV,Hopy Games,Hopy Games,1.9,1F,1.00,0.00000,0E-10,2016-09-05 00:00:00,2016-09-05 00:00:00,USD,AR,USD,0, , , , ,Games,,iPhone,iOS
1,2,721668874,APPLE,US,com.hopy.FRIV,Hopy Games,Hopy Games,1.9,1F,1.00,0.00000,0E-10,2016-09-05 00:00:00,2016-09-05 00:00:00,USD,CL,USD,0, , , , ,Games,,iPhone,iOS
1,2,1051585143,APPLE,US,air.com.pegasgames.wheely5,Hopy Games,Wheelie 5 - Armageddon Free,1.21,1F,1.00,0.00000,0E-10,2016-09-05 00:00:00,2016-09-05 00:00:00,USD,DO,USD,0, , , , ,Games,,iPad,iOS
1,2,680358411,APPLE,US,RCHelicopter,Hopy Games,RC Helicopter Challenge 3D Flight Simulator,1.3,1F,2.00,0.00000,0E-10,2016-09-05 00:00:00,2016-09-05 00:00:00,USD,BR,USD,0, , , , ,Games,,iPhone,iOS
1,2,1084266569,APPLE,US,com.ragdoll.achievement,Hopy Games,Ragdoll Achievement,2.0,1F,1.00,0.00000,0E-10,2016-09-05 00:00:00,2016-09-05 00:00:00,USD,BR,USD,0, , , , ,Games,,iPhone,iOS
1,2,1084266569,APPLE,US,com.ragdoll.achievement,Hopy Games,Ragdoll Achievement,2.0,1F,1.00,0.00000,0E-10,2016-09-05 00:00:00,2016-09-05 00:00:00,CAD,CA,CAD,0, , , , ,Games,,iPod touch,iOS
1,2,680358411,APPLE,US,RCHelicopter,Hopy Games,RC Helicopter Challenge 3D Flight Simulator,1.3,1F,1.00,0.00000,0E-10,2016-09-05 00:00:00,2016-09-05 00:00:00,USD,AR,USD,0, , , , ,Games,,iPad,iOS
1,2,1084266569,APPLE,US,com.ragdoll.achievement ,Hopy Games ,Ragdoll Achievement ,2.0,3F,7.00,0.00000,0E-10,2016-09-05 00:00:00,2016-09-05 00:00:00,USD,US,USD,0, , , , ,Games,,iPhone,iOS
1,2,574620909,APPLE,US,6425464625 ,Hopy Games ,Celeb Dress Up - Nicki Minaj Edition ,1.0.1,3T,1.00,0.00000,0E-10,2016-09-05 00:00:00,2016-09-05 00:00:00,USD,US,USD,0, , , , ,Games,,iPad,iOS
1,2,1051252134,APPLE,US,com.pegasgames.wheely4 ,Hopy Games ,Wheelie 4 - Time Travel ,1.32,3F,1.00,0.00000,0E-10,2016-09-05 00:00:00,2016-09-05 00:00:00,USD,US,USD,0, , , , ,Games,,iPod touch,iOS
1,2,721668874,APPLE,US,com.hopy.FRIV,Hopy Games,Hopy Games,1.9,1F,1.00,0.00000,0E-10,2016-09-05 00:00:00,2016-09-05 00:00:00,USD,SV,USD,0, , , , ,Games,,iPhone,iOS
1,2,1084266569,APPLE,US,com.ragdoll.achievement,Hopy Games,Ragdoll Achievement,2.0,1F,2.00,0.00000,0E-10,2016-09-05 00:00:00,2016-09-05 00:00:00,USD,AR,USD,0, , , , ,Games,,iPhone,iOS
1,2,721668874,APPLE,US,com.hopy.FRIV,Hopy Games,Hopy Games,1.9,1F,1.00,0.00000,0E-10,2016-09-05 00:00:00,2016-09-05 00:00:00,USD,CO,USD,0, , , , ,Games,,iPad,iOS
1,2,1084266569,APPLE,US,com.ragdoll.achievement ,Hopy Games ,Ragdoll Achievement ,2.0,3F,9.00,0.00000,0E-10,2016-09-05 00:00:00,2016-09-05 00:00:00,USD,US,USD,0, , , , ,Games,,iPad,iOS
1,2,721668874,APPLE,US,com.hopy.FRIV ,Hopy Games ,Hopy Games ,1.9,3F,17.00,0.00000,0E-10,2016-09-05 00:00:00,2016-09-05 00:00:00,USD,US,USD,0, , , , ,Games,,iPad,iOS
1,2,976009672,APPLE,US,hopy_jellydad_2015 ,Hopy Games ,JellyDad Hero ,0.2,3F,2.00,0.00000,0E-10,2016-09-05 00:00:00,2016-09-05 00:00:00,USD,US,USD,0, , , , ,Games,,iPod touch,iOS
1,2,680358411,APPLE,US,RCHelicopter ,Hopy Games ,RC Helicopter Challenge 3D Flight Simulator ,1.3,3F,3.00,0.00000,0E-10,2016-09-05 00:00:00,2016-09-05 00:00:00,USD,US,USD,0, , , , ,Games,,iPad,iOS
1,2,721668874,APPLE,US,com.hopy.FRIV ,Hopy Games ,Hopy Games ,1.9,3F,3.00,0.00000,0E-10,2016-09-05 00:00:00,2016-09-05 00:00:00,USD,US,USD,0, , , , ,Games,,iPod touch,iOS
1,2,721668874,APPLE,US,com.hopy.FRIV,Hopy Games,Hopy Games,1.9,1F,5.00,0.00000,0E-10,2016-09-05 00:00:00,2016-09-05 00:00:00,USD,BR,USD,0, , , , ,Games,,iPhone,iOS
1,2,721668874,APPLE,US,com.hopy.FRIV,Hopy Games,Hopy Games,1.9,1F,1.00,0.00000,0E-10,2016-09-05 00:00:00,2016-09-05 00:00:00,USD,BR,USD,0, , , , ,Games,,iPad,iOS
1,2,907063329,APPLE,US,com.ofir.pregapp,Hopy Games,PregApp,1.0.2,1F,1.00,0.00000,0E-10,2016-09-05 00:00:00,2016-09-05 00:00:00,CAD,CA,CAD,0, , , , ,Education,,iPhone,iOS
1,2,1051585143,APPLE,US,air.com.pegasgames.wheely5,Hopy Games,Wheelie 5 - Armageddon Free,1.21,1F,2.00,0.00000,0E-10,2016-09-05 00:00:00,2016-09-05 00:00:00,MXN,MX,MXN,0, , , , ,Games,,iPad,iOS
1,2,1051252134,APPLE,US,com.pegasgames.wheely4,Hopy Games,Wheelie 4 - Time Travel,1.32,1F,1.00,0.00000,0E-10,2016-09-05 00:00:00,2016-09-05 00:00:00,MXN,MX,MXN,0, , , , ,Games,,iPhone,iOS
1,2,1051252134,APPLE,US,com.pegasgames.wheely4,Hopy Games,Wheelie 4 - Time Travel,1.32,1F,2.00,0.00000,0E-10,2016-09-05 00:00:00,2016-09-05 00:00:00,MXN,MX,MXN,0, , , , ,Games,,iPad,iOS
1,2,1051252134,APPLE,US,com.pegasgames.wheely4,Hopy Games,Wheelie 4 - Time Travel,1.32,1F,1.00,0.00000,0E-10,2016-09-05 00:00:00,2016-09-05 00:00:00,CAD,CA,CAD,0, , , , ,Games,,iPhone,iOS
1,2,1051252134,APPLE,US,com.pegasgames.wheely4,Hopy Games,Wheelie 4 - Time Travel,1.32,1F,1.00,0.00000,0E-10,2016-09-05 00:00:00,2016-09-05 00:00:00,CAD,CA,CAD,0, , , , ,Games,,iPad,iOS
1,2,721668874,APPLE,US,com.hopy.FRIV,Hopy Games,Hopy Games,1.9,1F,1.00,0.00000,0E-10,2016-09-05 00:00:00,2016-09-05 00:00:00,USD,TT,USD,0, , , , ,Games,,iPad,iOS
1,2,721668874,APPLE,US,com.hopy.FRIV,Hopy Games,Hopy Games,1.9,1F,6.00,0.00000,0E-10,2016-09-05 00:00:00,2016-09-05 00:00:00,MXN,MX,MXN,0, , , , ,Games,,iPhone,iOS
1,2,721668874,APPLE,US,com.hopy.FRIV,Hopy Games,Hopy Games,1.9,1F,4.00,0.00000,0E-10,2016-09-05 00:00:00,2016-09-05 00:00:00,MXN,MX,MXN,0, , , , ,Games,,iPad,iOS
1,2,721668874,APPLE,US,com.hopy.FRIV,Hopy Games,Hopy Games,1.9,1F,5.00,0.00000,0E-10,2016-09-05 00:00:00,2016-09-05 00:00:00,CAD,CA,CAD,0, , , , ,Games,,iPad,iOS
1,2,738595009,APPLE,US,age.of.war.1,Hopy Games,Age Of War - Revenge,1,1F,1.00,0.00000,0E-10,2016-09-05 00:00:00,2016-09-05 00:00:00,USD,DO,USD,0, , , , ,Games,,iPad,iOS
1,2,1084266569,APPLE,US,com.ragdoll.achievement,Hopy Games,Ragdoll Achievement,2.0,1F,3.00,0.00000,0E-10,2016-09-05 00:00:00,2016-09-05 00:00:00,CAD,CA,CAD,0, , , , ,Games,,iPhone,iOS
1,2,1084266569,APPLE,US,com.ragdoll.achievement,Hopy Games,Ragdoll Achievement,2.0,1F,5.00,0.00000,0E-10,2016-09-05 00:00:00,2016-09-05 00:00:00,CAD,CA,CAD,0, , , , ,Games,,iPad,iOS
1,2,680358411,APPLE,US,RCHelicopter,Hopy Games,RC Helicopter Challenge 3D Flight Simulator,1.3,1F,1.00,0.00000,0E-10,2016-09-05 00:00:00,2016-09-05 00:00:00,CAD,CA,CAD,0, , , , ,Games,,iPad,iOS
1,2,941006873,APPLE,US,com.hopy.RunHopyRun,Hopy Games,Run Hopy Run,1.0.0,1F,1.00,0.00000,0E-10,2016-09-05 00:00:00,2016-09-05 00:00:00,MXN,MX,MXN,0, , , , ,Games,,iPod touch,iOS
1,2,1137579480,APPLE,US,com.ofir.catchthefly2,Hopy Games,Catch The Fly 2,1.0,1F,1.00,0.00000,0E-10,2016-09-05 00:00:00,2016-09-05 00:00:00,USD,US,USD,0, , , , ,Games,,iPhone,iOS
1,2,1051585143,APPLE,US,air.com.pegasgames.wheely5,Hopy Games,Wheelie 5 - Armageddon Free,1.21,1F,26.00,0.00000,0E-10,2016-09-05 00:00:00,2016-09-05 00:00:00,USD,US,USD,0, , , , ,Games,,iPhone,iOS
1,2,1051585143,APPLE,US,air.com.pegasgames.wheely5,Hopy Games,Wheelie 5 - Armageddon Free,1.21,1F,31.00,0.00000,0E-10,2016-09-05 00:00:00,2016-09-05 00:00:00,USD,US,USD,0, , , , ,Games,,iPad,iOS
1,2,976009672,APPLE,US,hopy_jellydad_2015,Hopy Games,JellyDad Hero,0.2,1F,14.00,0.00000,0E-10,2016-09-05 00:00:00,2016-09-05 00:00:00,USD,US,USD,0, , , , ,Games,,iPhone,iOS
1,2,574620909,APPLE,US,6425464625,Hopy Games,Celeb Dress Up - Nicki Minaj Edition,1.0.1,1T,2.00,0.00000,0E-10,2016-09-05 00:00:00,2016-09-05 00:00:00,USD,US,USD,0, , , , ,Games,,iPad,iOS
1,2,976170386,APPLE,US,com.jellydad.open_world_4, ,Open World 4, ,IA1,1.00,0.49000,0.4900000000,2016-09-05 00:00:00,2016-09-05 00:00:00,USD,US,USD,0.99, ,hopy_jellydad_2015, , ,Games,,iPad,iOS
1,2,680358411,APPLE,US,RCHelicopter,Hopy Games,RC Helicopter Challenge 3D Flight Simulator,1.3,1F,1.00,0.00000,0E-10,2016-09-05 00:00:00,2016-09-05 00:00:00,USD,US,USD,0, , , , ,Games,,iPod touch,iOS
1,2,721668874,APPLE,US,com.hopy.FRIV,Hopy Games,Hopy Games,1.9,1F,2.00,0.00000,0E-10,2016-09-05 00:00:00,2016-09-05 00:00:00,USD,US,USD,0, , , , ,Games,,iPod touch,iOS
1,2,1095230922,APPLE,US,pm.tap.zcj2,Hopy Games,Zombies Can't Jump 2,1.0.3,1F,1.00,0.00000,0E-10,2016-09-05 00:00:00,2016-09-05 00:00:00,USD,US,USD,0, , , , ,Games,,iPad,iOS
1,2,1084266569,APPLE,US,com.ragdoll.achievement,Hopy Games,Ragdoll Achievement,2.0,1F,13.00,0.00000,0E-10,2016-09-05 00:00:00,2016-09-05 00:00:00,USD,US,USD,0, , , , ,Games,,iPod touch,iOS
1,2,907420172,APPLE,US,air.tap.princeBeatdown.pm,Hopy Games,Prince Beatdown,1.0.0,1F,1.00,0.00000,0E-10,2016-09-05 00:00:00,2016-09-05 00:00:00,USD,US,USD,0, , , , ,Games,,iPad,iOS
1,2,1025724672,APPLE,US,air.bouncing.balls.2,Hopy Games,Bouncing Balls 2,1.0.4,1F,1.00,0.00000,0E-10,2016-09-05 00:00:00,2016-09-05 00:00:00,USD,US,USD,0, , , , ,Games,,iPhone,iOS
1,2,680358411,APPLE,US,RCHelicopter ,Hopy Games ,RC Helicopter Challenge 3D Flight Simulator ,1.3,7F,1.00,0.00000,0E-10,2016-09-05 00:00:00,2016-09-05 00:00:00,USD,US,USD,0, , , , ,Games,,iPhone,iOS
1,2,1051252134,APPLE,US,com.pegasgames.wheely4 ,Hopy Games ,Wheelie 4 - Time Travel ,1.32,3F,11.00,0.00000,0E-10,2016-09-05 00:00:00,2016-09-05 00:00:00,USD,US,USD,0, , , , ,Games,,iPhone,iOS
1,2,976009672,APPLE,US,hopy_jellydad_2015 ,Hopy Games ,JellyDad Hero ,0.2,3F,10.00,0.00000,0E-10,2016-09-05 00:00:00,2016-09-05 00:00:00,USD,US,USD,0, , , , ,Games,,iPhone,iOS
1,2,680358411,APPLE,US,RCHelicopter ,Hopy Games ,RC Helicopter Challenge 3D Flight Simulator ,1.3,3F,2.00,0.00000,0E-10,2016-09-05 00:00:00,2016-09-05 00:00:00,USD,US,USD,0, , , , ,Games,,iPod touch,iOS
1,2,721668874,APPLE,US,com.hopy.FRIV ,Hopy Games ,Hopy Games ,1.9,7F,1.00,0.00000,0E-10,2016-09-05 00:00:00,2016-09-05 00:00:00,USD,US,USD,0, , , , ,Games,,iPad,iOS
1,2,1051252134,APPLE,US,com.pegasgames.wheely4,Hopy Games,Wheelie 4 - Time Travel,1.32,1F,3.00,0.00000,0E-10,2016-09-05 00:00:00,2016-09-05 00:00:00,USD,US,USD,0, , , , ,Games,,iPod touch,iOS
1,2,1051585143,APPLE,US,air.com.pegasgames.wheely5 ,Hopy Games ,Wheelie 5 - Armageddon Free ,1.21,3F,33.00,0.00000,0E-10,2016-09-05 00:00:00,2016-09-05 00:00:00,USD,US,USD,0, , , , ,Games,,iPad,iOS
1,2,1051252134,APPLE,US,com.pegasgames.wheely4 ,Hopy Games ,Wheelie 4 - Time Travel ,1.32,7F,2.00,0.00000,0E-10,2016-09-05 00:00:00,2016-09-05 00:00:00,USD,US,USD,0, , , , ,Games,,iPad,iOS
1,2,738595009,APPLE,US,age.of.war.1 ,Hopy Games ,Age Of War - Revenge ,1,3F,1.00,0.00000,0E-10,2016-09-05 00:00:00,2016-09-05 00:00:00,USD,US,USD,0, , , , ,Games,,iPad,iOS
1,2,1051585143,APPLE,US,air.com.pegasgames.wheely5 ,Hopy Games ,Wheelie 5 - Armageddon Free ,1.21,3F,1.00,0.00000,0E-10,2016-09-05 00:00:00,2016-09-05 00:00:00,USD,US,USD,0, , , , ,Games,,iPod touch,iOS
1,2,721668874,APPLE,US,com.hopy.FRIV ,Hopy Games ,Hopy Games ,1.9,3F,15.00,0.00000,0E-10,2016-09-05 00:00:00,2016-09-05 00:00:00,USD,US,USD,0, , , , ,Games,,iPhone,iOS
1,2,1095230922,APPLE,US,pm.tap.zcj2,Hopy Games,Zombies Can't Jump 2,1.0.3,1F,1.00,0.00000,0E-10,2016-09-05 00:00:00,2016-09-05 00:00:00,USD,US,USD,0, , , , ,Games,,iPod touch,iOS
1,2,608010759,APPLE,US,nomnombunny,Hopy Games,Nom Nom Bunny,1.0.3,1F,1.00,0.00000,0E-10,2016-09-05 00:00:00,2016-09-05 00:00:00,USD,US,USD,0, , , , ,Games,,iPad,iOS
1,2,1051252134,APPLE,US,com.pegasgames.wheely4 ,Hopy Games ,Wheelie 4 - Time Travel ,1.32,7F,1.00,0.00000,0E-10,2016-09-05 00:00:00,2016-09-05 00:00:00,USD,US,USD,0, , , , ,Games,,iPhone,iOS
1,2,680358411,APPLE,US,RCHelicopter ,Hopy Games ,RC Helicopter Challenge 3D Flight Simulator ,1.3,3F,2.00,0.00000,0E-10,2016-09-05 00:00:00,2016-09-05 00:00:00,USD,US,USD,0, , , , ,Games,,iPhone,iOS
1,2,589285699,APPLE,US,73536246639,Hopy Games,Celeb Dress Up - Selena Gomez Edition,1.0.1,1T,1.00,0.00000,0E-10,2016-09-05 00:00:00,2016-09-05 00:00:00,USD,US,USD,0, , , , ,Games,,iPad,iOS
1,2,976168739,APPLE,US,com.jellydad.open_world_1, ,Open World 1, ,IA1,1.00,0.49000,0.4900000000,2016-09-05 00:00:00,2016-09-05 00:00:00,USD,US,USD,0.99, ,hopy_jellydad_2015, , ,Games,,iPad,iOS
1,2,1084266569,APPLE,US,com.ragdoll.achievement,Hopy Games,Ragdoll Achievement,2.0,1F,59.00,0.00000,0E-10,2016-09-05 00:00:00,2016-09-05 00:00:00,USD,US,USD,0, , , , ,Games,,iPad,iOS
1,2,680358411,APPLE,US,RCHelicopter,Hopy Games,RC Helicopter Challenge 3D Flight Simulator,1.3,1F,8.00,0.00000,0E-10,2016-09-05 00:00:00,2016-09-05 00:00:00,USD,US,USD,0, , , , ,Games,,iPhone,iOS
1,2,1095230922,APPLE,US,pm.tap.zcj2 ,Hopy Games ,Zombies Can't Jump 2 ,1.0.3,3F,2.00,0.00000,0E-10,2016-09-05 00:00:00,2016-09-05 00:00:00,USD,US,USD,0, , , , ,Games,,iPad,iOS
1,2,976009672,APPLE,US,hopy_jellydad_2015 ,Hopy Games ,JellyDad Hero ,0.2,3F,22.00,0.00000,0E-10,2016-09-05 00:00:00,2016-09-05 00:00:00,USD,US,USD,0, , , , ,Games,,iPad,iOS
1,2,1051252134,APPLE,US,com.pegasgames.wheely4 ,Hopy Games ,Wheelie 4 - Time Travel ,1.32,3F,50.00,0.00000,0E-10,2016-09-05 00:00:00,2016-09-05 00:00:00,USD,US,USD,0, , , , ,Games,,iPad,iOS
1,2,1051585143,APPLE,US,air.com.pegasgames.wheely5 ,Hopy Games ,Wheelie 5 - Armageddon Free ,1.21,3F,11.00,0.00000,0E-10,2016-09-05 00:00:00,2016-09-05 00:00:00,USD,US,USD,0, , , , ,Games,,iPhone,iOS
1,2,1084266569,APPLE,US,com.ragdoll.achievement ,Hopy Games ,Ragdoll Achievement ,2.0,3F,1.00,0.00000,0E-10,2016-09-05 00:00:00,2016-09-05 00:00:00,USD,US,USD,0, , , , ,Games,,Desktop,iOS
1,2,976009672,APPLE,US,hopy_jellydad_2015 ,Hopy Games ,JellyDad Hero ,0.2,7F,1.00,0.00000,0E-10,2016-09-05 00:00:00,2016-09-05 00:00:00,USD,US,USD,0, , , , ,Games,,iPhone,iOS
1,2,721668874,APPLE,US,com.hopy.FRIV ,Hopy Games ,Hopy Games ,1.9,7F,1.00,0.00000,0E-10,2016-09-05 00:00:00,2016-09-05 00:00:00,USD,US,USD,0, , , , ,Games,,iPhone,iOS
1,2,721668874,APPLE,US,com.hopy.FRIV,Hopy Games,Hopy Games,1.9,1F,2.00,0.00000,0E-10,2016-09-05 00:00:00,2016-09-05 00:00:00,USD,PE,USD,0, , , , ,Games,,iPhone,iOS
1,2,976009672,APPLE,US,hopy_jellydad_2015,Hopy Games,JellyDad Hero,0.2,1F,3.00,0.00000,0E-10,2016-09-05 00:00:00,2016-09-05 00:00:00,CAD,CA,CAD,0, , , , ,Games,,iPad,iOS
1,2,738595009,APPLE,US,age.of.war.1,Hopy Games,Age Of War - Revenge,1,1F,1.00,0.00000,0E-10,2016-09-05 00:00:00,2016-09-05 00:00:00,USD,CO,USD,0, , , , ,Games,,iPhone,iOS
1,2,915862931,APPLE,US,mpp3d2014,Hopy Games,Military Plane Parking,1.0,1F,2.00,0.00000,0E-10,2016-09-05 00:00:00,2016-09-05 00:00:00,USD,US,USD,0, , , , ,Games,,iPad,iOS
1,2,1084279714,APPLE,US,com.ragdoll.achievement.purchasegame, ,Purchase The Game, ,IA1,1.00,1.47000,1.4700000000,2016-09-05 00:00:00,2016-09-05 00:00:00,USD,US,USD,2.99, ,com.ragdoll.achievement, , ,Games,,iPhone,iOS
1,2,1051252134,APPLE,US,com.pegasgames.wheely4,Hopy Games,Wheelie 4 - Time Travel,1.32,1F,44.00,0.00000,0E-10,2016-09-05 00:00:00,2016-09-05 00:00:00,USD,US,USD,0, , , , ,Games,,iPad,iOS
1,2,589288213,APPLE,US,842867425878423,Hopy Games,Celeb Dress Up - Victoria Justice Edition,1.0.1,1T,1.00,0.00000,0E-10,2016-09-05 00:00:00,2016-09-05 00:00:00,USD,US,USD,0, , , , ,Games,,iPad,iOS
1,2,1084266569,APPLE,US,com.ragdoll.achievement,Hopy Games,Ragdoll Achievement,2.0,1F,80.00,0.00000,0E-10,2016-09-05 00:00:00,2016-09-05 00:00:00,USD,US,USD,0, , , , ,Games,,iPhone,iOS
1,2,976009672,APPLE,US,hopy_jellydad_2015,Hopy Games,JellyDad Hero,0.2,1F,3.00,0.00000,0E-10,2016-09-05 00:00:00,2016-09-05 00:00:00,USD,US,USD,0, , , , ,Games,,iPod touch,iOS
1,2,1051252134,APPLE,US,com.pegasgames.wheely4,Hopy Games,Wheelie 4 - Time Travel,1.32,1F,29.00,0.00000,0E-10,2016-09-05 00:00:00,2016-09-05 00:00:00,USD,US,USD,0, , , , ,Games,,iPhone,iOS
1,2,976179553,APPLE,US,com.jellydad.remove_ads, ,Remove Ads, ,IA1,2.00,0.98000,0.9800000000,2016-09-05 00:00:00,2016-09-05 00:00:00,USD,US,USD,0.99, ,hopy_jellydad_2015, , ,Games,,iPad,iOS
1,2,1051266528,APPLE,US,air.com.pegasgames.wheely4.unlocklevels, ,Unlock All Levels, ,IA1,2.00,1.96000,1.9600000000,2016-09-05 00:00:00,2016-09-05 00:00:00,USD,US,USD,1.99, ,com.pegasgames.wheely4, , ,Games,,iPhone,iOS
1,2,836660853,APPLE,US,SKU_CatchTheFly,Hopy Games,Catch The Fly - FREE,2.0,1F,2.00,0.00000,0E-10,2016-09-05 00:00:00,2016-09-05 00:00:00,USD,US,USD,0, , , , ,Games,,iPhone,iOS
1,2,976009672,APPLE,US,hopy_jellydad_2015,Hopy Games,JellyDad Hero,0.2,1F,33.00,0.00000,0E-10,2016-09-05 00:00:00,2016-09-05 00:00:00,USD,US,USD,0, , , , ,Games,,iPad,iOS
1,2,907063329,APPLE,US,com.ofir.pregapp,Hopy Games,PregApp,1.0.2,1F,2.00,0.00000,0E-10,2016-09-05 00:00:00,2016-09-05 00:00:00,USD,US,USD,0, , , , ,Education,,iPad,iOS
1,2,1051585143,APPLE,US,air.com.pegasgames.wheely5,Hopy Games,Wheelie 5 - Armageddon Free,1.21,1F,3.00,0.00000,0E-10,2016-09-05 00:00:00,2016-09-05 00:00:00,USD,US,USD,0, , , , ,Games,,iPod touch,iOS
1,2,907063329,APPLE,US,com.ofir.pregapp,Hopy Games,PregApp,1.0.2,1F,2.00,0.00000,0E-10,2016-09-05 00:00:00,2016-09-05 00:00:00,USD,US,USD,0, , , , ,Education,,iPhone,iOS
1,2,1084266569,APPLE,US,com.ragdoll.achievement,Hopy Games,Ragdoll Achievement,2.0,1F,1.00,0.00000,0E-10,2016-09-05 00:00:00,2016-09-05 00:00:00,USD,US,USD,0, , , , ,Games,,Desktop,iOS
1,2,919111004,APPLE,US,ajj3d2014,Hopy Games,Airliner Jumbo Jets,1.0,1F,1.00,0.00000,0E-10,2016-09-05 00:00:00,2016-09-05 00:00:00,USD,US,USD,0, , , , ,Games,,iPad,iOS
1,2,976170381,APPLE,US,com.jellydad.open_world_3, ,Open World 3, ,IA1,1.00,0.49000,0.4900000000,2016-09-05 00:00:00,2016-09-05 00:00:00,USD,US,USD,0.99, ,hopy_jellydad_2015, , ,Games,,iPad,iOS
1,2,1051585143,APPLE,US,air.com.pegasgames.wheely5 ,Hopy Games ,Wheelie 5 - Armageddon Free ,1.21,7F,1.00,0.00000,0E-10,2016-09-05 00:00:00,2016-09-05 00:00:00,USD,US,USD,0, , , , ,Games,,iPhone,iOS
1,2,721668874,APPLE,US,com.hopy.FRIV,Hopy Games,Hopy Games,1.9,1F,10.00,0.00000,0E-10,2016-09-05 00:00:00,2016-09-05 00:00:00,USD,US,USD,0, , , , ,Games,,iPad,iOS
1,2,680358411,APPLE,US,RCHelicopter,Hopy Games,RC Helicopter Challenge 3D Flight Simulator,1.3,1F,7.00,0.00000,0E-10,2016-09-05 00:00:00,2016-09-05 00:00:00,USD,US,USD,0, , , , ,Games,,iPad,iOS
1,2,915494672,APPLE,US,lp3d2014,Hopy Games,Limo Parking,1.0,1F,1.00,0.00000,0E-10,2016-09-05 00:00:00,2016-09-05 00:00:00,USD,US,USD,0, , , , ,Games,,iPod touch,iOS
1,2,587951604,APPLE,US,528973779,Hopy Games,Celeb Dress Up - Katy Perry Edition,1.0.1,1T,1.00,0.00000,0E-10,2016-09-05 00:00:00,2016-09-05 00:00:00,USD,US,USD,0, , , , ,Games,,iPad,iOS
1,2,721668874,APPLE,US,com.hopy.FRIV,Hopy Games,Hopy Games,1.9,1F,10.00,0.00000,0E-10,2016-09-05 00:00:00,2016-09-05 00:00:00,USD,US,USD,0, , , , ,Games,,iPhone,iOS
1,2,1084279714,APPLE,US,com.ragdoll.achievement.purchasegame, ,Purchase The Game, ,IA1,1.00,1.47000,1.4700000000,2016-09-05 00:00:00,2016-09-05 00:00:00,USD,US,USD,2.99, ,com.ragdoll.achievement, , ,Games,,iPad,iOS
1,2,721668874,APPLE,US,com.hopy.FRIV ,Hopy Games ,Hopy Games ,1.9,7F,1.00,0.00000,0E-10,2016-09-05 00:00:00,2016-09-05 00:00:00,USD,US,USD,0, , , , ,Games,,Desktop,iOS
1,2,907063329,APPLE,US,com.ofir.pregapp ,Hopy Games ,PregApp ,1.0.2,3F,1.00,0.00000,0E-10,2016-09-05 00:00:00,2016-09-05 00:00:00,USD,US,USD,0, , , , ,Education,,iPad,iOS
1,2,680358411,APPLE,US,RCHelicopter,Hopy Games,RC Helicopter Challenge 3D Flight Simulator,1.3,1F,2.00,0.00000,0E-10,2016-09-05 00:00:00,2016-09-05 00:00:00,CAD,CA,CAD,0, , , , ,Games,,iPod touch,iOS
