1,2,721668874,APPLE,US,com.hopy.FRIV,Hopy Games,Hopy Games,1.9,1F,1.00,0.00000,0E-10,2016-07-26 00:00:00,2016-07-26 00:00:00,THB,TH,THB,0, , , , ,Games,,iPhone,iOS
1,2,1051585143,APPLE,US,air.com.pegasgames.wheely5,Hopy Games,Wheelie 5 - Armageddon Free,1.21,1F,26.00,0.00000,0E-10,2016-07-26 00:00:00,2016-07-26 00:00:00,USD,US,USD,0, , , , ,Games,,iPad,iOS
1,2,836660853,APPLE,US,SKU_CatchTheFly,Hopy Games,Catch The Fly - FREE,2.0,1F,1.00,0.00000,0E-10,2016-07-26 00:00:00,2016-07-26 00:00:00,USD,AR,USD,0, , , , ,Games,,iPhone,iOS
1,2,1051585143,APPLE,US,air.com.pegasgames.wheely5,Hopy Games,Wheelie 5 - Armageddon Free,1.21,1F,14.00,0.00000,0E-10,2016-07-26 00:00:00,2016-07-26 00:00:00,USD,US,USD,0, , , , ,Games,,iPhone,iOS
1,2,721668874,APPLE,US,com.hopy.FRIV,Hopy Games,Hopy Games,1.9,1F,9.00,0.00000,0E-10,2016-07-26 00:00:00,2016-07-26 00:00:00,MXN,MX,MXN,0, , , , ,Games,,iPhone,iOS
1,2,1137579480,APPLE,US,com.ofir.catchthefly2,Hopy Games,Catch The Fly 2,1.0,1F,2.00,0.00000,0E-10,2016-07-26 00:00:00,2016-07-26 00:00:00,USD,CO,USD,0, , , , ,Games,,iPhone,iOS
1,2,721668874,APPLE,US,com.hopy.FRIV,Hopy Games,Hopy Games,1.9,1F,8.00,0.00000,0E-10,2016-07-26 00:00:00,2016-07-26 00:00:00,MXN,MX,MXN,0, , , , ,Games,,iPad,iOS
1,2,721668874,APPLE,US,com.hopy.FRIV,Hopy Games,Hopy Games,1.9,1F,7.00,0.00000,0E-10,2016-07-26 00:00:00,2016-07-26 00:00:00,CAD,CA,CAD,0, , , , ,Games,,iPad,iOS
1,2,721668874,APPLE,US,com.hopy.FRIV,Hopy Games,Hopy Games,1.9,1F,1.00,0.00000,0E-10,2016-07-26 00:00:00,2016-07-26 00:00:00,CAD,CA,CAD,0, , , , ,Games,,iPhone,iOS
1,2,1084266569,APPLE,US,com.ragdoll.achievement,Hopy Games,Ragdoll Achievement,2.0,1F,2.00,0.00000,0E-10,2016-07-26 00:00:00,2016-07-26 00:00:00,CAD,CA,CAD,0, , , , ,Games,,iPad,iOS
1,2,680358411,APPLE,US,RCHelicopter,Hopy Games,RC Helicopter Challenge 3D Flight Simulator,1.3,1F,2.00,0.00000,0E-10,2016-07-26 00:00:00,2016-07-26 00:00:00,CAD,CA,CAD,0, , , , ,Games,,iPad,iOS
1,2,680358411,APPLE,US,RCHelicopter,Hopy Games,RC Helicopter Challenge 3D Flight Simulator,1.3,1F,1.00,0.00000,0E-10,2016-07-26 00:00:00,2016-07-26 00:00:00,CAD,CA,CAD,0, , , , ,Games,,iPhone,iOS
1,2,1137579480,APPLE,US,com.ofir.catchthefly2,Hopy Games,Catch The Fly 2,1.0,1F,2.00,0.00000,0E-10,2016-07-26 00:00:00,2016-07-26 00:00:00,USD,AR,USD,0, , , , ,Games,,iPhone,iOS
1,2,1137579480,APPLE,US,com.ofir.catchthefly2,Hopy Games,Catch The Fly 2,1.0,1F,1.00,0.00000,0E-10,2016-07-26 00:00:00,2016-07-26 00:00:00,USD,AR,USD,0, , , , ,Games,,iPad,iOS
1,2,1051585143,APPLE,US,air.com.pegasgames.wheely5,Hopy Games,Wheelie 5 - Armageddon Free,1.21,1F,1.00,0.00000,0E-10,2016-07-26 00:00:00,2016-07-26 00:00:00,USD,BR,USD,0, , , , ,Games,,iPhone,iOS
1,2,1051252134,APPLE,US,com.pegasgames.wheely4,Hopy Games,Wheelie 4 - Time Travel,1.32,1F,1.00,0.00000,0E-10,2016-07-26 00:00:00,2016-07-26 00:00:00,USD,AR,USD,0, , , , ,Games,,iPad,iOS
1,2,721668874,APPLE,US,com.hopy.FRIV,Hopy Games,Hopy Games,1.9,1F,1.00,0.00000,0E-10,2016-07-26 00:00:00,2016-07-26 00:00:00,USD,EC,USD,0, , , , ,Games,,iPhone,iOS
1,2,1084266569,APPLE,US,com.ragdoll.achievement,Hopy Games,Ragdoll Achievement,2.0,1F,1.00,0.00000,0E-10,2016-07-26 00:00:00,2016-07-26 00:00:00,USD,BR,USD,0, , , , ,Games,,iPad,iOS
1,2,721668874,APPLE,US,com.hopy.FRIV,Hopy Games,Hopy Games,1.9,1F,3.00,0.00000,0E-10,2016-07-26 00:00:00,2016-07-26 00:00:00,USD,BR,USD,0, , , , ,Games,,iPad,iOS
1,2,721668874,APPLE,US,com.hopy.FRIV,Hopy Games,Hopy Games,1.9,1F,1.00,0.00000,0E-10,2016-07-26 00:00:00,2016-07-26 00:00:00,USD,CO,USD,0, , , , ,Games,,iPad,iOS
1,2,721668874,APPLE,US,com.hopy.FRIV,Hopy Games,Hopy Games,1.9,1F,11.00,0.00000,0E-10,2016-07-26 00:00:00,2016-07-26 00:00:00,USD,BR,USD,0, , , , ,Games,,iPhone,iOS
1,2,1084266569,APPLE,US,com.ragdoll.achievement,Hopy Games,Ragdoll Achievement,2.0,1F,1.00,0.00000,0E-10,2016-07-26 00:00:00,2016-07-26 00:00:00,CAD,CA,CAD,0, , , , ,Games,,iPod touch,iOS
1,2,721668874,APPLE,US,com.hopy.FRIV,Hopy Games,Hopy Games,1.9,1F,2.00,0.00000,0E-10,2016-07-26 00:00:00,2016-07-26 00:00:00,CAD,CA,CAD,0, , , , ,Games,,iPod touch,iOS
1,2,721668874,APPLE,US,com.hopy.FRIV,Hopy Games,Hopy Games,1.9,1F,1.00,0.00000,0E-10,2016-07-26 00:00:00,2016-07-26 00:00:00,USD,VE,USD,0, , , , ,Games,,iPhone,iOS
1,2,1051252134,APPLE,US,com.pegasgames.wheely4,Hopy Games,Wheelie 4 - Time Travel,1.32,1F,1.00,0.00000,0E-10,2016-07-26 00:00:00,2016-07-26 00:00:00,USD,BR,USD,0, , , , ,Games,,iPhone,iOS
1,2,721668874,APPLE,US,com.hopy.FRIV,Hopy Games,Hopy Games,1.9,1F,1.00,0.00000,0E-10,2016-07-26 00:00:00,2016-07-26 00:00:00,USD,AR,USD,0, , , , ,Games,,iPhone,iOS
1,2,721668874,APPLE,US,com.hopy.FRIV,Hopy Games,Hopy Games,1.9,1F,1.00,0.00000,0E-10,2016-07-26 00:00:00,2016-07-26 00:00:00,USD,AR,USD,0, , , , ,Games,,iPad,iOS
1,2,1137579480,APPLE,US,com.ofir.catchthefly2,Hopy Games,Catch The Fly 2,1.0,1F,1.00,0.00000,0E-10,2016-07-26 00:00:00,2016-07-26 00:00:00,MXN,MX,MXN,0, , , , ,Games,,iPad,iOS
1,2,1137579480,APPLE,US,com.ofir.catchthefly2,Hopy Games,Catch The Fly 2,1.0,1F,1.00,0.00000,0E-10,2016-07-26 00:00:00,2016-07-26 00:00:00,CAD,CA,CAD,0, , , , ,Games,,iPad,iOS
1,2,721668874,APPLE,US,com.hopy.FRIV,Hopy Games,Hopy Games,1.9,1F,2.00,0.00000,0E-10,2016-07-26 00:00:00,2016-07-26 00:00:00,USD,DO,USD,0, , , , ,Games,,iPhone,iOS
1,2,721668874,APPLE,US,com.hopy.FRIV,Hopy Games,Hopy Games,1.9,1F,1.00,0.00000,0E-10,2016-07-26 00:00:00,2016-07-26 00:00:00,USD,DO,USD,0, , , , ,Games,,iPad,iOS
1,2,680358411,APPLE,US,RCHelicopter,Hopy Games,RC Helicopter Challenge 3D Flight Simulator,1.3,1F,2.00,0.00000,0E-10,2016-07-26 00:00:00,2016-07-26 00:00:00,CAD,CA,CAD,0, , , , ,Games,,iPod touch,iOS
1,2,721668874,APPLE,US,com.hopy.FRIV,Hopy Games,Hopy Games,1.9,1F,1.00,0.00000,0E-10,2016-07-26 00:00:00,2016-07-26 00:00:00,USD,CL,USD,0, , , , ,Games,,iPad,iOS
1,2,1051252134,APPLE,US,com.pegasgames.wheely4,Hopy Games,Wheelie 4 - Time Travel,1.32,1F,3.00,0.00000,0E-10,2016-07-26 00:00:00,2016-07-26 00:00:00,CAD,CA,CAD,0, , , , ,Games,,iPad,iOS
1,2,1051252134,APPLE,US,com.pegasgames.wheely4,Hopy Games,Wheelie 4 - Time Travel,1.32,1F,1.00,0.00000,0E-10,2016-07-26 00:00:00,2016-07-26 00:00:00,CAD,CA,CAD,0, , , , ,Games,,iPhone,iOS
1,2,1051252134,APPLE,US,com.pegasgames.wheely4,Hopy Games,Wheelie 4 - Time Travel,1.32,1F,5.00,0.00000,0E-10,2016-07-26 00:00:00,2016-07-26 00:00:00,USD,US,USD,0, , , , ,Games,,iPod touch,iOS
1,2,680358411,APPLE,US,RCHelicopter,Hopy Games,RC Helicopter Challenge 3D Flight Simulator,1.3,1F,4.00,0.00000,0E-10,2016-07-26 00:00:00,2016-07-26 00:00:00,USD,US,USD,0, , , , ,Games,,iPad,iOS
1,2,1051252134,APPLE,US,com.pegasgames.wheely4 ,Hopy Games ,Wheelie 4 - Time Travel ,1.32,3F,1.00,0.00000,0E-10,2016-07-26 00:00:00,2016-07-26 00:00:00,USD,BR,USD,0, , , , ,Games,,iPad,iOS
1,2,738595009,APPLE,US,age.of.war.1 ,Hopy Games ,Age Of War - Revenge ,1,3F,1.00,0.00000,0E-10,2016-07-26 00:00:00,2016-07-26 00:00:00,MXN,MX,MXN,0, , , , ,Games,,iPad,iOS
1,2,721668874,APPLE,US,com.hopy.FRIV ,Hopy Games ,Hopy Games ,1.9,3F,6.00,0.00000,0E-10,2016-07-26 00:00:00,2016-07-26 00:00:00,CAD,CA,CAD,0, , , , ,Games,,iPad,iOS
1,2,721668874,APPLE,US,com.hopy.FRIV ,Hopy Games ,Hopy Games ,1.9,3F,1.00,0.00000,0E-10,2016-07-26 00:00:00,2016-07-26 00:00:00,CAD,CA,CAD,0, , , , ,Games,,iPhone,iOS
1,2,1051252134,APPLE,US,com.pegasgames.wheely4 ,Hopy Games ,Wheelie 4 - Time Travel ,1.32,3F,1.00,0.00000,0E-10,2016-07-26 00:00:00,2016-07-26 00:00:00,CAD,CA,CAD,0, , , , ,Games,,iPhone,iOS
1,2,1084266569,APPLE,US,com.ragdoll.achievement ,Hopy Games ,Ragdoll Achievement ,2.0,3F,1.00,0.00000,0E-10,2016-07-26 00:00:00,2016-07-26 00:00:00,USD,BR,USD,0, , , , ,Games,,iPad,iOS
1,2,1051585143,APPLE,US,air.com.pegasgames.wheely5 ,Hopy Games ,Wheelie 5 - Armageddon Free ,1.21,3F,1.00,0.00000,0E-10,2016-07-26 00:00:00,2016-07-26 00:00:00,CAD,CA,CAD,0, , , , ,Games,,iPad,iOS
1,2,1051252134,APPLE,US,com.pegasgames.wheely4 ,Hopy Games ,Wheelie 4 - Time Travel ,1.32,3F,1.00,0.00000,0E-10,2016-07-26 00:00:00,2016-07-26 00:00:00,MXN,MX,MXN,0, , , , ,Games,,iPad,iOS
1,2,721668874,APPLE,US,com.hopy.FRIV ,Hopy Games ,Hopy Games ,1.9,3F,1.00,0.00000,0E-10,2016-07-26 00:00:00,2016-07-26 00:00:00,CAD,CA,CAD,0, , , , ,Games,,iPod touch,iOS
1,2,721668874,APPLE,US,com.hopy.FRIV ,Hopy Games ,Hopy Games ,1.9,3F,3.00,0.00000,0E-10,2016-07-26 00:00:00,2016-07-26 00:00:00,USD,BR,USD,0, , , , ,Games,,iPhone,iOS
1,2,721668874,APPLE,US,com.hopy.FRIV ,Hopy Games ,Hopy Games ,1.9,3F,2.00,0.00000,0E-10,2016-07-26 00:00:00,2016-07-26 00:00:00,USD,CL,USD,0, , , , ,Games,,iPhone,iOS
1,2,976009672,APPLE,US,hopy_jellydad_2015 ,Hopy Games ,JellyDad Hero ,0.2,3F,1.00,0.00000,0E-10,2016-07-26 00:00:00,2016-07-26 00:00:00,CAD,CA,CAD,0, , , , ,Games,,iPhone,iOS
1,2,721668874,APPLE,US,com.hopy.FRIV ,Hopy Games ,Hopy Games ,1.9,3F,7.00,0.00000,0E-10,2016-07-26 00:00:00,2016-07-26 00:00:00,MXN,MX,MXN,0, , , , ,Games,,iPad,iOS
1,2,721668874,APPLE,US,com.hopy.FRIV ,Hopy Games ,Hopy Games ,1.9,3F,1.00,0.00000,0E-10,2016-07-26 00:00:00,2016-07-26 00:00:00,USD,PE,USD,0, , , , ,Games,,iPhone,iOS
1,2,1051585143,APPLE,US,air.com.pegasgames.wheely5 ,Hopy Games ,Wheelie 5 - Armageddon Free ,1.21,3F,1.00,0.00000,0E-10,2016-07-26 00:00:00,2016-07-26 00:00:00,CAD,CA,CAD,0, , , , ,Games,,iPod touch,iOS
1,2,945630874,APPLE,US,frg_madmenracing_1984 ,Hopy Games ,The Mad Race ,1.0.9,3F,1.00,0.00000,0E-10,2016-07-26 00:00:00,2016-07-26 00:00:00,USD,BR,USD,0, , , , ,Games,,iPad,iOS
1,2,797495156,APPLE,US,nnb_sku ,Hopy Games ,Nom Nom Bunny! ,1.0.0,3F,1.00,0.00000,0E-10,2016-07-26 00:00:00,2016-07-26 00:00:00,MXN,MX,MXN,0, , , , ,Games,,iPad,iOS
1,2,1051252134,APPLE,US,com.pegasgames.wheely4 ,Hopy Games ,Wheelie 4 - Time Travel ,1.32,3F,1.00,0.00000,0E-10,2016-07-26 00:00:00,2016-07-26 00:00:00,USD,AR,USD,0, , , , ,Games,,iPad,iOS
1,2,1051585143,APPLE,US,air.com.pegasgames.wheely5 ,Hopy Games ,Wheelie 5 - Armageddon Free ,1.21,7F,2.00,0.00000,0E-10,2016-07-26 00:00:00,2016-07-26 00:00:00,CAD,CA,CAD,0, , , , ,Games,,iPhone,iOS
1,2,721668874,APPLE,US,com.hopy.FRIV ,Hopy Games ,Hopy Games ,1.9,3F,3.00,0.00000,0E-10,2016-07-26 00:00:00,2016-07-26 00:00:00,USD,BR,USD,0, , , , ,Games,,iPad,iOS
1,2,721668874,APPLE,US,com.hopy.FRIV ,Hopy Games ,Hopy Games ,1.9,3F,1.00,0.00000,0E-10,2016-07-26 00:00:00,2016-07-26 00:00:00,USD,PE,USD,0, , , , ,Games,,iPad,iOS
1,2,976009672,APPLE,US,hopy_jellydad_2015 ,Hopy Games ,JellyDad Hero ,0.2,3F,1.00,0.00000,0E-10,2016-07-26 00:00:00,2016-07-26 00:00:00,CAD,CA,CAD,0, , , , ,Games,,iPad,iOS
1,2,1051585143,APPLE,US,air.com.pegasgames.wheely5,Hopy Games,Wheelie 5 - Armageddon Free,1.21,1F,1.00,0.00000,0E-10,2016-07-26 00:00:00,2016-07-26 00:00:00,USD,VN,USD,0, , , , ,Games,,iPhone,iOS
1,2,589288213,APPLE,US,842867425878423,Hopy Games,Celeb Dress Up - Victoria Justice Edition,1.0.1,1T,1.00,0.00000,0E-10,2016-07-26 00:00:00,2016-07-26 00:00:00,USD,US,USD,0, , , , ,Games,,iPad,iOS
1,2,738595009,APPLE,US,age.of.war.1,Hopy Games,Age Of War - Revenge,1,1F,1.00,0.00000,0E-10,2016-07-26 00:00:00,2016-07-26 00:00:00,USD,US,USD,0, , , , ,Games,,iPhone,iOS
1,2,1084266569,APPLE,US,com.ragdoll.achievement,Hopy Games,Ragdoll Achievement,2.0,1F,1.00,0.00000,0E-10,2016-07-26 00:00:00,2016-07-26 00:00:00,USD,US,USD,0, , , , ,Games,,iPod touch,iOS
1,2,1051585143,APPLE,US,air.com.pegasgames.wheely5,Hopy Games,Wheelie 5 - Armageddon Free,1.21,1F,1.00,0.00000,0E-10,2016-07-26 00:00:00,2016-07-26 00:00:00,USD,KZ,USD,0, , , , ,Games,,iPhone,iOS
1,2,1084266569,APPLE,US,com.ragdoll.achievement,Hopy Games,Ragdoll Achievement,2.0,1F,1.00,0.00000,0E-10,2016-07-26 00:00:00,2016-07-26 00:00:00,AUD,AU,AUD,0, , , , ,Games,,iPad,iOS
1,2,1084266569,APPLE,US,com.ragdoll.achievement,Hopy Games,Ragdoll Achievement,2.0,1F,1.00,0.00000,0E-10,2016-07-26 00:00:00,2016-07-26 00:00:00,NZD,NZ,NZD,0, , , , ,Games,,iPad,iOS
1,2,721668874,APPLE,US,com.hopy.FRIV,Hopy Games,Hopy Games,1.9,1F,1.00,0.00000,0E-10,2016-07-26 00:00:00,2016-07-26 00:00:00,AUD,AU,AUD,0, , , , ,Games,,iPhone,iOS
1,2,1051252134,APPLE,US,com.pegasgames.wheely4,Hopy Games,Wheelie 4 - Time Travel,1.32,1F,3.00,0.00000,0E-10,2016-07-26 00:00:00,2016-07-26 00:00:00,AUD,AU,AUD,0, , , , ,Games,,iPad,iOS
1,2,1095230922,APPLE,US,pm.tap.zcj2,Hopy Games,Zombies Can't Jump 2,1.0.3,1F,1.00,0.00000,0E-10,2016-07-26 00:00:00,2016-07-26 00:00:00,AUD,AU,AUD,0, , , , ,Games,,iPhone,iOS
1,2,907063329,APPLE,US,com.ofir.pregapp,Hopy Games,PregApp,1.0.2,1F,1.00,0.00000,0E-10,2016-07-26 00:00:00,2016-07-26 00:00:00,AUD,AU,AUD,0, , , , ,Education,,iPhone,iOS
1,2,1025724672,APPLE,US,air.bouncing.balls.2,Hopy Games,Bouncing Balls 2,1.0.4,1F,1.00,0.00000,0E-10,2016-07-26 00:00:00,2016-07-26 00:00:00,AUD,AU,AUD,0, , , , ,Games,,iPad,iOS
1,2,1051585143,APPLE,US,air.com.pegasgames.wheely5,Hopy Games,Wheelie 5 - Armageddon Free,1.21,1F,2.00,0.00000,0E-10,2016-07-26 00:00:00,2016-07-26 00:00:00,AUD,AU,AUD,0, , , , ,Games,,iPad,iOS
1,2,721668874,APPLE,US,com.hopy.FRIV,Hopy Games,Hopy Games,1.9,1F,1.00,0.00000,0E-10,2016-07-26 00:00:00,2016-07-26 00:00:00,AUD,AU,AUD,0, , , , ,Games,,iPod touch,iOS
1,2,1084266569,APPLE,US,com.ragdoll.achievement,Hopy Games,Ragdoll Achievement,2.0,1F,1.00,0.00000,0E-10,2016-07-26 00:00:00,2016-07-26 00:00:00,AUD,AU,AUD,0, , , , ,Games,,iPhone,iOS
1,2,976009672,APPLE,US,hopy_jellydad_2015,Hopy Games,JellyDad Hero,0.2,1F,2.00,0.00000,0E-10,2016-07-26 00:00:00,2016-07-26 00:00:00,AUD,AU,AUD,0, , , , ,Games,,iPad,iOS
1,2,976009672,APPLE,US,hopy_jellydad_2015,Hopy Games,JellyDad Hero,0.2,1F,1.00,0.00000,0E-10,2016-07-26 00:00:00,2016-07-26 00:00:00,NZD,NZ,NZD,0, , , , ,Games,,iPad,iOS
1,2,680358411,APPLE,US,RCHelicopter,Hopy Games,RC Helicopter Challenge 3D Flight Simulator,1.3,1F,1.00,0.00000,0E-10,2016-07-26 00:00:00,2016-07-26 00:00:00,AUD,AU,AUD,0, , , , ,Games,,iPad,iOS
1,2,721668874,APPLE,US,com.hopy.FRIV,Hopy Games,Hopy Games,1.9,1F,1.00,0.00000,0E-10,2016-07-26 00:00:00,2016-07-26 00:00:00,AUD,AU,AUD,0, , , , ,Games,,iPad,iOS
1,2,1051585143,APPLE,US,air.com.pegasgames.wheely5,Hopy Games,Wheelie 5 - Armageddon Free,1.21,1F,1.00,0.00000,0E-10,2016-07-26 00:00:00,2016-07-26 00:00:00,USD,MN,USD,0, , , , ,Games,,iPad,iOS
1,2,738595009,APPLE,US,age.of.war.1,Hopy Games,Age Of War - Revenge,1,1F,1.00,0.00000,0E-10,2016-07-26 00:00:00,2016-07-26 00:00:00,INR,IN,INR,0, , , , ,Games,,iPad,iOS
1,2,1051252134,APPLE,US,com.pegasgames.wheely4,Hopy Games,Wheelie 4 - Time Travel,1.32,1F,2.00,0.00000,0E-10,2016-07-26 00:00:00,2016-07-26 00:00:00,USD,KZ,USD,0, , , , ,Games,,iPad,iOS
1,2,718353901,APPLE,US,HopyTree,Hopy Games,Hopy Tree,1,1F,1.00,0.00000,0E-10,2016-07-26 00:00:00,2016-07-26 00:00:00,USD,VN,USD,0, , , , ,Games,,iPhone,iOS
1,2,1051585143,APPLE,US,air.com.pegasgames.wheely5,Hopy Games,Wheelie 5 - Armageddon Free,1.21,1F,1.00,0.00000,0E-10,2016-07-26 00:00:00,2016-07-26 00:00:00,CAD,CA,CAD,0, , , , ,Games,,iPhone,iOS
1,2,1051585143,APPLE,US,air.com.pegasgames.wheely5,Hopy Games,Wheelie 5 - Armageddon Free,1.21,1F,2.00,0.00000,0E-10,2016-07-26 00:00:00,2016-07-26 00:00:00,MXN,MX,MXN,0, , , , ,Games,,iPad,iOS
1,2,721668874,APPLE,US,com.hopy.FRIV,Hopy Games,Hopy Games,1.9,1F,1.00,0.00000,0E-10,2016-07-26 00:00:00,2016-07-26 00:00:00,USD,PE,USD,0, , , , ,Games,,iPad,iOS
1,2,721668874,APPLE,US,com.hopy.FRIV,Hopy Games,Hopy Games,1.9,1F,1.00,0.00000,0E-10,2016-07-26 00:00:00,2016-07-26 00:00:00,USD,AR,USD,0, , , , ,Games,,iPod touch,iOS
1,2,976009672,APPLE,US,hopy_jellydad_2015,Hopy Games,JellyDad Hero,0.2,1F,2.00,0.00000,0E-10,2016-07-26 00:00:00,2016-07-26 00:00:00,CAD,CA,CAD,0, , , , ,Games,,iPad,iOS
1,2,1051252134,APPLE,US,com.pegasgames.wheely4,Hopy Games,Wheelie 4 - Time Travel,1.32,1F,1.00,0.00000,0E-10,2016-07-26 00:00:00,2016-07-26 00:00:00,JPY,JP,JPY,0, , , , ,Games,,iPad,iOS
1,2,1051252134,APPLE,US,com.pegasgames.wheely4,Hopy Games,Wheelie 4 - Time Travel,1.32,1F,1.00,0.00000,0E-10,2016-07-26 00:00:00,2016-07-26 00:00:00,TWD,TW,TWD,0, , , , ,Games,,iPhone,iOS
1,2,574620909,APPLE,US,6425464625,Hopy Games,Celeb Dress Up - Nicki Minaj Edition,1.0.1,1T,1.00,0.00000,0E-10,2016-07-26 00:00:00,2016-07-26 00:00:00,MXN,MX,MXN,0, , , , ,Games,,iPad,iOS
1,2,721668874,APPLE,US,com.hopy.FRIV,Hopy Games,Hopy Games,1.9,1F,1.00,0.00000,0E-10,2016-07-26 00:00:00,2016-07-26 00:00:00,USD,PE,USD,0, , , , ,Games,,iPhone,iOS
1,2,738595009,APPLE,US,age.of.war.1,Hopy Games,Age Of War - Revenge,1,1F,1.00,0.00000,0E-10,2016-07-26 00:00:00,2016-07-26 00:00:00,INR,IN,INR,0, , , , ,Games,,iPhone,iOS
1,2,852973247,APPLE,US,0100101011,Hopy Games,Poker Chief,1.2,1F,1.00,0.00000,0E-10,2016-07-26 00:00:00,2016-07-26 00:00:00,USD,PH,USD,0, , , , ,Games,,iPad,iOS
1,2,721668874,APPLE,US,com.hopy.FRIV,Hopy Games,Hopy Games,1.9,1F,1.00,0.00000,0E-10,2016-07-26 00:00:00,2016-07-26 00:00:00,INR,IN,INR,0, , , , ,Games,,iPad,iOS
1,2,1051252134,APPLE,US,com.pegasgames.wheely4,Hopy Games,Wheelie 4 - Time Travel,1.32,1F,1.00,0.00000,0E-10,2016-07-26 00:00:00,2016-07-26 00:00:00,IDR,ID,IDR,0, , , , ,Games,,iPhone,iOS
1,2,1051585143,APPLE,US,air.com.pegasgames.wheely5,Hopy Games,Wheelie 5 - Armageddon Free,1.21,1F,2.00,0.00000,0E-10,2016-07-26 00:00:00,2016-07-26 00:00:00,USD,VN,USD,0, , , , ,Games,,iPad,iOS
1,2,1095230922,APPLE,US,pm.tap.zcj2,Hopy Games,Zombies Can't Jump 2,1.0.3,1F,2.00,0.00000,0E-10,2016-07-26 00:00:00,2016-07-26 00:00:00,USD,US,USD,0, , , , ,Games,,iPad,iOS
1,2,907063329,APPLE,US,com.ofir.pregapp,Hopy Games,PregApp,1.0.2,1F,1.00,0.00000,0E-10,2016-07-26 00:00:00,2016-07-26 00:00:00,USD,US,USD,0, , , , ,Education,,iPad,iOS
1,2,721668874,APPLE,US,com.hopy.FRIV,Hopy Games,Hopy Games,1.9,1F,3.00,0.00000,0E-10,2016-07-26 00:00:00,2016-07-26 00:00:00,USD,US,USD,0, , , , ,Games,,iPod touch,iOS
1,2,907063329,APPLE,US,com.ofir.pregapp,Hopy Games,PregApp,1.0.2,1F,7.00,0.00000,0E-10,2016-07-26 00:00:00,2016-07-26 00:00:00,USD,US,USD,0, , , , ,Education,,iPhone,iOS
1,2,1051586552,APPLE,US,air.com.pegasgames.wheely5.unlocklevels, ,Unlock All Levels, ,IA1,1.00,0.98000,0.9800000000,2016-07-26 00:00:00,2016-07-26 00:00:00,USD,US,USD,1.99, ,air.com.pegasgames.wheely5, , ,Games,,iPad,iOS
1,2,589285699,APPLE,US,73536246639,Hopy Games,Celeb Dress Up - Selena Gomez Edition,1.0.1,1T,2.00,0.00000,0E-10,2016-07-26 00:00:00,2016-07-26 00:00:00,USD,US,USD,0, , , , ,Games,,iPad,iOS
1,2,1051585143,APPLE,US,air.com.pegasgames.wheely5,Hopy Games,Wheelie 5 - Armageddon Free,1.21,1F,4.00,0.00000,0E-10,2016-07-26 00:00:00,2016-07-26 00:00:00,USD,US,USD,0, , , , ,Games,,iPod touch,iOS
1,2,1051252134,APPLE,US,com.pegasgames.wheely4,Hopy Games,Wheelie 4 - Time Travel,1.32,1F,16.00,0.00000,0E-10,2016-07-26 00:00:00,2016-07-26 00:00:00,USD,US,USD,0, , , , ,Games,,iPhone,iOS
1,2,976009672,APPLE,US,hopy_jellydad_2015,Hopy Games,JellyDad Hero,0.2,1F,33.00,0.00000,0E-10,2016-07-26 00:00:00,2016-07-26 00:00:00,USD,US,USD,0, , , , ,Games,,iPad,iOS
1,2,1051252134,APPLE,US,com.pegasgames.wheely4,Hopy Games,Wheelie 4 - Time Travel,1.32,1F,33.00,0.00000,0E-10,2016-07-26 00:00:00,2016-07-26 00:00:00,USD,US,USD,0, , , , ,Games,,iPad,iOS
1,2,680358411,APPLE,US,RCHelicopter,Hopy Games,RC Helicopter Challenge 3D Flight Simulator,1.3,1F,1.00,0.00000,0E-10,2016-07-26 00:00:00,2016-07-26 00:00:00,USD,VN,USD,0, , , , ,Games,,iPhone,iOS
1,2,907063329,APPLE,US,com.ofir.pregapp,Hopy Games,PregApp,1.0.2,1F,1.00,0.00000,0E-10,2016-07-26 00:00:00,2016-07-26 00:00:00,CNY,CN,CNY,0, , , , ,Education,,Desktop,iOS
1,2,976009672,APPLE,US,hopy_jellydad_2015,Hopy Games,JellyDad Hero,0.2,1F,1.00,0.00000,0E-10,2016-07-26 00:00:00,2016-07-26 00:00:00,INR,IN,INR,0, , , , ,Games,,iPad,iOS
1,2,1051585143,APPLE,US,air.com.pegasgames.wheely5,Hopy Games,Wheelie 5 - Armageddon Free,1.21,1F,1.00,0.00000,0E-10,2016-07-26 00:00:00,2016-07-26 00:00:00,JPY,JP,JPY,0, , , , ,Games,,iPad,iOS
1,2,738595009,APPLE,US,age.of.war.1,Hopy Games,Age Of War - Revenge,1,1F,1.00,0.00000,0E-10,2016-07-26 00:00:00,2016-07-26 00:00:00,CNY,CN,CNY,0, , , , ,Games,,Desktop,iOS
1,2,1051252134,APPLE,US,com.pegasgames.wheely4,Hopy Games,Wheelie 4 - Time Travel,1.32,1F,1.00,0.00000,0E-10,2016-07-26 00:00:00,2016-07-26 00:00:00,USD,MN,USD,0, , , , ,Games,,iPad,iOS
1,2,1051252134,APPLE,US,com.pegasgames.wheely4,Hopy Games,Wheelie 4 - Time Travel,1.32,1F,1.00,0.00000,0E-10,2016-07-26 00:00:00,2016-07-26 00:00:00,SGD,SG,SGD,0, , , , ,Games,,iPhone,iOS
1,2,1084266569,APPLE,US,com.ragdoll.achievement,Hopy Games,Ragdoll Achievement,2.0,1F,17.00,0.00000,0E-10,2016-07-26 00:00:00,2016-07-26 00:00:00,USD,US,USD,0, , , , ,Games,,iPhone,iOS
1,2,976009672,APPLE,US,hopy_jellydad_2015,Hopy Games,JellyDad Hero,0.2,1F,13.00,0.00000,0E-10,2016-07-26 00:00:00,2016-07-26 00:00:00,USD,US,USD,0, , , , ,Games,,iPhone,iOS
1,2,1084266569,APPLE,US,com.ragdoll.achievement,Hopy Games,Ragdoll Achievement,2.0,1F,22.00,0.00000,0E-10,2016-07-26 00:00:00,2016-07-26 00:00:00,USD,US,USD,0, , , , ,Games,,iPad,iOS
1,2,718353901,APPLE,US,HopyTree,Hopy Games,Hopy Tree,1,1F,1.00,0.00000,0E-10,2016-07-26 00:00:00,2016-07-26 00:00:00,USD,VN,USD,0, , , , ,Games,,iPad,iOS
1,2,718353901,APPLE,US,HopyTree,Hopy Games,Hopy Tree,1,1F,1.00,0.00000,0E-10,2016-07-26 00:00:00,2016-07-26 00:00:00,JPY,JP,JPY,0, , , , ,Games,,iPhone,iOS
1,2,721668874,APPLE,US,com.hopy.FRIV,Hopy Games,Hopy Games,1.9,1F,1.00,0.00000,0E-10,2016-07-26 00:00:00,2016-07-26 00:00:00,IDR,ID,IDR,0, , , , ,Games,,iPhone,iOS
1,2,976009672,APPLE,US,hopy_jellydad_2015,Hopy Games,JellyDad Hero,0.2,1F,3.00,0.00000,0E-10,2016-07-26 00:00:00,2016-07-26 00:00:00,USD,US,USD,0, , , , ,Games,,iPod touch,iOS
1,2,1051252134,APPLE,US,com.pegasgames.wheely4,Hopy Games,Wheelie 4 - Time Travel,1.32,1F,1.00,0.00000,0E-10,2016-07-26 00:00:00,2016-07-26 00:00:00,HKD,HK,HKD,0, , , , ,Games,,iPad,iOS
1,2,1051585143,APPLE,US,air.com.pegasgames.wheely5,Hopy Games,Wheelie 5 - Armageddon Free,1.21,1F,1.00,0.00000,0E-10,2016-07-26 00:00:00,2016-07-26 00:00:00,USD,KZ,USD,0, , , , ,Games,,iPad,iOS
1,2,907063329,APPLE,US,com.ofir.pregapp,Hopy Games,PregApp,1.0.2,1F,1.00,0.00000,0E-10,2016-07-26 00:00:00,2016-07-26 00:00:00,CNY,CN,CNY,0, , , , ,Education,,iPhone,iOS
1,2,680358411,APPLE,US,RCHelicopter,Hopy Games,RC Helicopter Challenge 3D Flight Simulator,1.3,1F,1.00,0.00000,0E-10,2016-07-26 00:00:00,2016-07-26 00:00:00,SGD,SG,SGD,0, , , , ,Games,,iPhone,iOS
1,2,976179553,APPLE,US,com.jellydad.remove_ads, ,Remove Ads, ,IA1,1.00,0.49000,0.4900000000,2016-07-26 00:00:00,2016-07-26 00:00:00,USD,US,USD,0.99, ,hopy_jellydad_2015, , ,Games,,iPad,iOS
1,2,1051252134,APPLE,US,com.pegasgames.wheely4,Hopy Games,Wheelie 4 - Time Travel,1.32,1F,2.00,0.00000,0E-10,2016-07-26 00:00:00,2016-07-26 00:00:00,USD,VN,USD,0, , , , ,Games,,iPad,iOS
1,2,721668874,APPLE,US,com.hopy.FRIV,Hopy Games,Hopy Games,1.9,1F,12.00,0.00000,0E-10,2016-07-26 00:00:00,2016-07-26 00:00:00,USD,US,USD,0, , , , ,Games,,iPad,iOS
1,2,680358411,APPLE,US,RCHelicopter,Hopy Games,RC Helicopter Challenge 3D Flight Simulator,1.3,1F,1.00,0.00000,0E-10,2016-07-26 00:00:00,2016-07-26 00:00:00,THB,TH,THB,0, , , , ,Games,,iPhone,iOS
1,2,574620909,APPLE,US,6425464625,Hopy Games,Celeb Dress Up - Nicki Minaj Edition,1.0.1,1T,1.00,0.00000,0E-10,2016-07-26 00:00:00,2016-07-26 00:00:00,USD,US,USD,0, , , , ,Games,,iPad,iOS
1,2,721668874,APPLE,US,com.hopy.FRIV,Hopy Games,Hopy Games,1.9,1F,1.00,0.00000,0E-10,2016-07-26 00:00:00,2016-07-26 00:00:00,JPY,JP,JPY,0, , , , ,Games,,iPhone,iOS
1,2,574620909,APPLE,US,6425464625,Hopy Games,Celeb Dress Up - Nicki Minaj Edition,1.0.1,1T,1.00,0.00000,0E-10,2016-07-26 00:00:00,2016-07-26 00:00:00,CNY,CN,CNY,0, , , , ,Games,,iPad,iOS
1,2,721668874,APPLE,US,com.hopy.FRIV,Hopy Games,Hopy Games,1.9,1F,17.00,0.00000,0E-10,2016-07-26 00:00:00,2016-07-26 00:00:00,USD,US,USD,0, , , , ,Games,,iPhone,iOS
1,2,680358411,APPLE,US,RCHelicopter,Hopy Games,RC Helicopter Challenge 3D Flight Simulator,1.3,1F,1.00,0.00000,0E-10,2016-07-26 00:00:00,2016-07-26 00:00:00,THB,TH,THB,0, , , , ,Games,,iPad,iOS
1,2,721668874,APPLE,US,com.hopy.FRIV,Hopy Games,Hopy Games,1.9,1F,1.00,0.00000,0E-10,2016-07-26 00:00:00,2016-07-26 00:00:00,USD,PH,USD,0, , , , ,Games,,iPad,iOS
1,2,587951604,APPLE,US,528973779,Hopy Games,Celeb Dress Up - Katy Perry Edition,1.0.1,1T,1.00,0.00000,0E-10,2016-07-26 00:00:00,2016-07-26 00:00:00,USD,US,USD,0, , , , ,Games,,iPad,iOS
1,2,1051585143,APPLE,US,air.com.pegasgames.wheely5,Hopy Games,Wheelie 5 - Armageddon Free,1.21,1F,2.00,0.00000,0E-10,2016-07-26 00:00:00,2016-07-26 00:00:00,INR,IN,INR,0, , , , ,Games,,iPad,iOS
1,2,721668874,APPLE,US,com.hopy.FRIV,Hopy Games,Hopy Games,1.9,1F,1.00,0.00000,0E-10,2016-07-26 00:00:00,2016-07-26 00:00:00,USD,PH,USD,0, , , , ,Games,,iPhone,iOS
1,2,721668874,APPLE,US,com.hopy.FRIV ,Hopy Games ,Hopy Games ,1.9,3F,1.00,0.00000,0E-10,2016-07-26 00:00:00,2016-07-26 00:00:00,AED,AE,AED,0, , , , ,Games,,iPad,iOS
1,2,721668874,APPLE,US,com.hopy.FRIV ,Hopy Games ,Hopy Games ,1.9,3F,1.00,0.00000,0E-10,2016-07-26 00:00:00,2016-07-26 00:00:00,NOK,NO,NOK,0, , , , ,Games,,iPhone,iOS
1,2,721668874,APPLE,US,com.hopy.FRIV ,Hopy Games ,Hopy Games ,1.9,3F,1.00,0.00000,0E-10,2016-07-26 00:00:00,2016-07-26 00:00:00,RUB,RU,RUB,0, , , , ,Games,,iPad,iOS
1,2,1095230922,APPLE,US,pm.tap.zcj2 ,Hopy Games ,Zombies Can't Jump 2 ,1.0.3,3F,1.00,0.00000,0E-10,2016-07-26 00:00:00,2016-07-26 00:00:00,EUR,DE,EUR,0, , , , ,Games,,iPhone,iOS
1,2,721668874,APPLE,US,com.hopy.FRIV ,Hopy Games ,Hopy Games ,1.9,3F,1.00,0.00000,0E-10,2016-07-26 00:00:00,2016-07-26 00:00:00,SEK,SE,SEK,0, , , , ,Games,,iPhone,iOS
1,2,1051585143,APPLE,US,air.com.pegasgames.wheely5 ,Hopy Games ,Wheelie 5 - Armageddon Free ,1.21,3F,1.00,0.00000,0E-10,2016-07-26 00:00:00,2016-07-26 00:00:00,USD,UA,USD,0, , , , ,Games,,iPad,iOS
1,2,721668874,APPLE,US,com.hopy.FRIV ,Hopy Games ,Hopy Games ,1.9,3F,3.00,0.00000,0E-10,2016-07-26 00:00:00,2016-07-26 00:00:00,USD,QA,USD,0, , , , ,Games,,iPad,iOS
1,2,914302333,APPLE,US,pp3d2014 ,Hopy Games ,Police Parking ,1.1,3F,1.00,0.00000,0E-10,2016-07-26 00:00:00,2016-07-26 00:00:00,SAR,SA,SAR,0, , , , ,Games,,iPad,iOS
1,2,721668874,APPLE,US,com.hopy.FRIV ,Hopy Games ,Hopy Games ,1.9,3F,1.00,0.00000,0E-10,2016-07-26 00:00:00,2016-07-26 00:00:00,EUR,ES,EUR,0, , , , ,Games,,iPhone,iOS
1,2,797559983,APPLE,US,ptp_sku ,Hopy Games ,Pigy the Pigeon ,1.0.0,3F,1.00,0.00000,0E-10,2016-07-26 00:00:00,2016-07-26 00:00:00,GBP,GB,GBP,0, , , , ,Games,,iPad,iOS
1,2,887614543,APPLE,US,19861986 ,Hopy Games ,The Mighty Knight ,1.00,3F,1.00,0.00000,0E-10,2016-07-26 00:00:00,2016-07-26 00:00:00,EUR,ES,EUR,0, , , , ,Games,,iPad,iOS
1,2,721668874,APPLE,US,com.hopy.FRIV ,Hopy Games ,Hopy Games ,1.9,3F,1.00,0.00000,0E-10,2016-07-26 00:00:00,2016-07-26 00:00:00,EUR,PL,EUR,0, , , , ,Games,,iPhone,iOS
1,2,721668874,APPLE,US,com.hopy.FRIV ,Hopy Games ,Hopy Games ,1.9,3F,2.00,0.00000,0E-10,2016-07-26 00:00:00,2016-07-26 00:00:00,AED,AE,AED,0, , , , ,Games,,iPhone,iOS
1,2,836660853,APPLE,US,SKU_CatchTheFly ,Hopy Games ,Catch The Fly - FREE ,2.0,7F,2.00,0.00000,0E-10,2016-07-26 00:00:00,2016-07-26 00:00:00,ZAR,ZA,ZAR,0, , , , ,Games,,iPad,iOS
1,2,1051252134,APPLE,US,com.pegasgames.wheely4 ,Hopy Games ,Wheelie 4 - Time Travel ,1.32,3F,1.00,0.00000,0E-10,2016-07-26 00:00:00,2016-07-26 00:00:00,EUR,BE,EUR,0, , , , ,Games,,iPad,iOS
1,2,976009672,APPLE,US,hopy_jellydad_2015 ,Hopy Games ,JellyDad Hero ,0.2,7F,1.00,0.00000,0E-10,2016-07-26 00:00:00,2016-07-26 00:00:00,GBP,GB,GBP,0, , , , ,Games,,iPad,iOS
1,2,721668874,APPLE,US,com.hopy.FRIV ,Hopy Games ,Hopy Games ,1.9,3F,2.00,0.00000,0E-10,2016-07-26 00:00:00,2016-07-26 00:00:00,USD,PK,USD,0, , , , ,Games,,iPad,iOS
1,2,1025724672,APPLE,US,air.bouncing.balls.2 ,Hopy Games ,Bouncing Balls 2 ,1.0.4,3F,1.00,0.00000,0E-10,2016-07-26 00:00:00,2016-07-26 00:00:00,USD,DZ,USD,0, , , , ,Games,,iPhone,iOS
1,2,1084266569,APPLE,US,com.ragdoll.achievement ,Hopy Games ,Ragdoll Achievement ,2.0,3F,5.00,0.00000,0E-10,2016-07-26 00:00:00,2016-07-26 00:00:00,GBP,GB,GBP,0, , , , ,Games,,iPad,iOS
1,2,1051585143,APPLE,US,air.com.pegasgames.wheely5 ,Hopy Games ,Wheelie 5 - Armageddon Free ,1.21,3F,1.00,0.00000,0E-10,2016-07-26 00:00:00,2016-07-26 00:00:00,EUR,DE,EUR,0, , , , ,Games,,iPad,iOS
1,2,721668874,APPLE,US,com.hopy.FRIV ,Hopy Games ,Hopy Games ,1.9,3F,1.00,0.00000,0E-10,2016-07-26 00:00:00,2016-07-26 00:00:00,RUB,RU,RUB,0, , , , ,Games,,iPhone,iOS
1,2,721668874,APPLE,US,com.hopy.FRIV ,Hopy Games ,Hopy Games ,1.9,3F,5.00,0.00000,0E-10,2016-07-26 00:00:00,2016-07-26 00:00:00,GBP,GB,GBP,0, , , , ,Games,,iPhone,iOS
1,2,976009672,APPLE,US,hopy_jellydad_2015 ,Hopy Games ,JellyDad Hero ,0.2,3F,2.00,0.00000,0E-10,2016-07-26 00:00:00,2016-07-26 00:00:00,EUR,ES,EUR,0, , , , ,Games,,iPad,iOS
1,2,1051252134,APPLE,US,com.pegasgames.wheely4 ,Hopy Games ,Wheelie 4 - Time Travel ,1.32,3F,1.00,0.00000,0E-10,2016-07-26 00:00:00,2016-07-26 00:00:00,SAR,SA,SAR,0, , , , ,Games,,iPhone,iOS
1,2,721668874,APPLE,US,com.hopy.FRIV ,Hopy Games ,Hopy Games ,1.9,3F,1.00,0.00000,0E-10,2016-07-26 00:00:00,2016-07-26 00:00:00,USD,MD,USD,0, , , , ,Games,,iPhone,iOS
1,2,721668874,APPLE,US,com.hopy.FRIV ,Hopy Games ,Hopy Games ,1.9,3F,1.00,0.00000,0E-10,2016-07-26 00:00:00,2016-07-26 00:00:00,SEK,SE,SEK,0, , , , ,Games,,iPad,iOS
1,2,976009672,APPLE,US,hopy_jellydad_2015 ,Hopy Games ,JellyDad Hero ,0.2,3F,1.00,0.00000,0E-10,2016-07-26 00:00:00,2016-07-26 00:00:00,GBP,GB,GBP,0, , , , ,Games,,iPhone,iOS
1,2,718353901,APPLE,US,HopyTree ,Hopy Games ,Hopy Tree ,1,3F,1.00,0.00000,0E-10,2016-07-26 00:00:00,2016-07-26 00:00:00,SAR,SA,SAR,0, , , , ,Games,,iPhone,iOS
1,2,1051252134,APPLE,US,com.pegasgames.wheely4 ,Hopy Games ,Wheelie 4 - Time Travel ,1.32,3F,2.00,0.00000,0E-10,2016-07-26 00:00:00,2016-07-26 00:00:00,GBP,GB,GBP,0, , , , ,Games,,iPad,iOS
1,2,1051252134,APPLE,US,com.pegasgames.wheely4 ,Hopy Games ,Wheelie 4 - Time Travel ,1.32,3F,1.00,0.00000,0E-10,2016-07-26 00:00:00,2016-07-26 00:00:00,TRY,TR,TRY,0, , , , ,Games,,iPhone,iOS
1,2,680358411,APPLE,US,RCHelicopter ,Hopy Games ,RC Helicopter Challenge 3D Flight Simulator ,1.3,3F,1.00,0.00000,0E-10,2016-07-26 00:00:00,2016-07-26 00:00:00,AUD,AU,AUD,0, , , , ,Games,,iPhone,iOS
1,2,1051252134,APPLE,US,com.pegasgames.wheely4 ,Hopy Games ,Wheelie 4 - Time Travel ,1.32,3F,1.00,0.00000,0E-10,2016-07-26 00:00:00,2016-07-26 00:00:00,AED,AE,AED,0, , , , ,Games,,iPhone,iOS
1,2,1051252134,APPLE,US,com.pegasgames.wheely4 ,Hopy Games ,Wheelie 4 - Time Travel ,1.32,7F,1.00,0.00000,0E-10,2016-07-26 00:00:00,2016-07-26 00:00:00,EUR,NL,EUR,0, , , , ,Games,,iPad,iOS
1,2,721668874,APPLE,US,com.hopy.FRIV ,Hopy Games ,Hopy Games ,1.9,3F,1.00,0.00000,0E-10,2016-07-26 00:00:00,2016-07-26 00:00:00,EUR,DE,EUR,0, , , , ,Games,,iPhone,iOS
1,2,1051252134,APPLE,US,com.pegasgames.wheely4 ,Hopy Games ,Wheelie 4 - Time Travel ,1.32,3F,1.00,0.00000,0E-10,2016-07-26 00:00:00,2016-07-26 00:00:00,EUR,FR,EUR,0, , , , ,Games,,iPhone,iOS
1,2,1051585143,APPLE,US,air.com.pegasgames.wheely5 ,Hopy Games ,Wheelie 5 - Armageddon Free ,1.21,3F,2.00,0.00000,0E-10,2016-07-26 00:00:00,2016-07-26 00:00:00,RUB,RU,RUB,0, , , , ,Games,,iPad,iOS
1,2,941006873,APPLE,US,com.hopy.RunHopyRun ,Hopy Games ,Run Hopy Run ,1.0.0,3F,1.00,0.00000,0E-10,2016-07-26 00:00:00,2016-07-26 00:00:00,RUB,RU,RUB,0, , , , ,Games,,iPhone,iOS
1,2,976009672,APPLE,US,hopy_jellydad_2015 ,Hopy Games ,JellyDad Hero ,0.2,3F,1.00,0.00000,0E-10,2016-07-26 00:00:00,2016-07-26 00:00:00,AUD,AU,AUD,0, , , , ,Games,,iPad,iOS
1,2,721668874,APPLE,US,com.hopy.FRIV ,Hopy Games ,Hopy Games ,1.9,7F,2.00,0.00000,0E-10,2016-07-26 00:00:00,2016-07-26 00:00:00,AUD,AU,AUD,0, , , , ,Games,,iPhone,iOS
1,2,1051585143,APPLE,US,air.com.pegasgames.wheely5 ,Hopy Games ,Wheelie 5 - Armageddon Free ,1.21,3F,1.00,0.00000,0E-10,2016-07-26 00:00:00,2016-07-26 00:00:00,EUR,BG,EUR,0, , , , ,Games,,iPhone,iOS
1,2,721668874,APPLE,US,com.hopy.FRIV ,Hopy Games ,Hopy Games ,1.9,3F,1.00,0.00000,0E-10,2016-07-26 00:00:00,2016-07-26 00:00:00,ILS,IL,ILS,0, , , , ,Games,,iPad,iOS
1,2,721668874,APPLE,US,com.hopy.FRIV ,Hopy Games ,Hopy Games ,1.9,3F,2.00,0.00000,0E-10,2016-07-26 00:00:00,2016-07-26 00:00:00,EUR,NL,EUR,0, , , , ,Games,,iPad,iOS
1,2,721668874,APPLE,US,com.hopy.FRIV ,Hopy Games ,Hopy Games ,1.9,3F,1.00,0.00000,0E-10,2016-07-26 00:00:00,2016-07-26 00:00:00,USD,TN,USD,0, , , , ,Games,,iPhone,iOS
1,2,1025724672,APPLE,US,air.bouncing.balls.2 ,Hopy Games ,Bouncing Balls 2 ,1.0.4,3F,1.00,0.00000,0E-10,2016-07-26 00:00:00,2016-07-26 00:00:00,USD,PK,USD,0, , , , ,Games,,iPad,iOS
1,2,680358411,APPLE,US,RCHelicopter ,Hopy Games ,RC Helicopter Challenge 3D Flight Simulator ,1.3,3F,1.00,0.00000,0E-10,2016-07-26 00:00:00,2016-07-26 00:00:00,EUR,IT,EUR,0, , , , ,Games,,iPad,iOS
1,2,721668874,APPLE,US,com.hopy.FRIV ,Hopy Games ,Hopy Games ,1.9,3F,1.00,0.00000,0E-10,2016-07-26 00:00:00,2016-07-26 00:00:00,EUR,IT,EUR,0, , , , ,Games,,iPad,iOS
1,2,1051585143,APPLE,US,air.com.pegasgames.wheely5 ,Hopy Games ,Wheelie 5 - Armageddon Free ,1.21,3F,1.00,0.00000,0E-10,2016-07-26 00:00:00,2016-07-26 00:00:00,SEK,SE,SEK,0, , , , ,Games,,iPad,iOS
1,2,721668874,APPLE,US,com.hopy.FRIV ,Hopy Games ,Hopy Games ,1.9,3F,2.00,0.00000,0E-10,2016-07-26 00:00:00,2016-07-26 00:00:00,NZD,NZ,NZD,0, , , , ,Games,,iPod touch,iOS
1,2,1051585143,APPLE,US,air.com.pegasgames.wheely5 ,Hopy Games ,Wheelie 5 - Armageddon Free ,1.21,3F,2.00,0.00000,0E-10,2016-07-26 00:00:00,2016-07-26 00:00:00,AUD,AU,AUD,0, , , , ,Games,,iPad,iOS
1,2,1051252134,APPLE,US,com.pegasgames.wheely4 ,Hopy Games ,Wheelie 4 - Time Travel ,1.32,3F,1.00,0.00000,0E-10,2016-07-26 00:00:00,2016-07-26 00:00:00,AUD,AU,AUD,0, , , , ,Games,,iPad,iOS
1,2,1051252134,APPLE,US,com.pegasgames.wheely4 ,Hopy Games ,Wheelie 4 - Time Travel ,1.32,3F,1.00,0.00000,0E-10,2016-07-26 00:00:00,2016-07-26 00:00:00,GBP,GB,GBP,0, , , , ,Games,,iPod touch,iOS
1,2,1051252134,APPLE,US,com.pegasgames.wheely4 ,Hopy Games ,Wheelie 4 - Time Travel ,1.32,7F,1.00,0.00000,0E-10,2016-07-26 00:00:00,2016-07-26 00:00:00,SAR,SA,SAR,0, , , , ,Games,,iPhone,iOS
1,2,1051585143,APPLE,US,air.com.pegasgames.wheely5 ,Hopy Games ,Wheelie 5 - Armageddon Free ,1.21,3F,1.00,0.00000,0E-10,2016-07-26 00:00:00,2016-07-26 00:00:00,GBP,GB,GBP,0, , , , ,Games,,iPad,iOS
1,2,721668874,APPLE,US,com.hopy.FRIV ,Hopy Games ,Hopy Games ,1.9,3F,1.00,0.00000,0E-10,2016-07-26 00:00:00,2016-07-26 00:00:00,EUR,ES,EUR,0, , , , ,Games,,iPad,iOS
1,2,721668874,APPLE,US,com.hopy.FRIV ,Hopy Games ,Hopy Games ,1.9,3F,1.00,0.00000,0E-10,2016-07-26 00:00:00,2016-07-26 00:00:00,EUR,FR,EUR,0, , , , ,Games,,iPhone,iOS
1,2,721668874,APPLE,US,com.hopy.FRIV ,Hopy Games ,Hopy Games ,1.9,3F,1.00,0.00000,0E-10,2016-07-26 00:00:00,2016-07-26 00:00:00,GBP,GB,GBP,0, , , , ,Games,,iPod touch,iOS
1,2,721668874,APPLE,US,com.hopy.FRIV ,Hopy Games ,Hopy Games ,1.9,3F,2.00,0.00000,0E-10,2016-07-26 00:00:00,2016-07-26 00:00:00,GBP,GB,GBP,0, , , , ,Games,,iPad,iOS
1,2,1051252134,APPLE,US,com.pegasgames.wheely4 ,Hopy Games ,Wheelie 4 - Time Travel ,1.32,3F,1.00,0.00000,0E-10,2016-07-26 00:00:00,2016-07-26 00:00:00,EUR,BG,EUR,0, , , , ,Games,,iPhone,iOS
1,2,721668874,APPLE,US,com.hopy.FRIV ,Hopy Games ,Hopy Games ,1.9,3F,1.00,0.00000,0E-10,2016-07-26 00:00:00,2016-07-26 00:00:00,USD,EG,USD,0, , , , ,Games,,iPad,iOS
1,2,721668874,APPLE,US,com.hopy.FRIV ,Hopy Games ,Hopy Games ,1.9,3F,2.00,0.00000,0E-10,2016-07-26 00:00:00,2016-07-26 00:00:00,USD,BH,USD,0, , , , ,Games,,iPad,iOS
1,2,1051252134,APPLE,US,com.pegasgames.wheely4 ,Hopy Games ,Wheelie 4 - Time Travel ,1.32,3F,1.00,0.00000,0E-10,2016-07-26 00:00:00,2016-07-26 00:00:00,EUR,NL,EUR,0, , , , ,Games,,iPad,iOS
1,2,721668874,APPLE,US,com.hopy.FRIV ,Hopy Games ,Hopy Games ,1.9,7F,1.00,0.00000,0E-10,2016-07-26 00:00:00,2016-07-26 00:00:00,USD,EG,USD,0, , , , ,Games,,iPad,iOS
1,2,721668874,APPLE,US,com.hopy.FRIV ,Hopy Games ,Hopy Games ,1.9,3F,1.00,0.00000,0E-10,2016-07-26 00:00:00,2016-07-26 00:00:00,NOK,NO,NOK,0, , , , ,Games,,iPad,iOS
1,2,721668874,APPLE,US,com.hopy.FRIV ,Hopy Games ,Hopy Games ,1.9,3F,3.00,0.00000,0E-10,2016-07-26 00:00:00,2016-07-26 00:00:00,EUR,FR,EUR,0, , , , ,Games,,iPad,iOS
1,2,721668874,APPLE,US,com.hopy.FRIV ,Hopy Games ,Hopy Games ,1.9,3F,1.00,0.00000,0E-10,2016-07-26 00:00:00,2016-07-26 00:00:00,USD,PK,USD,0, , , , ,Games,,iPod touch,iOS
1,2,721668874,APPLE,US,com.hopy.FRIV ,Hopy Games ,Hopy Games ,1.9,3F,1.00,0.00000,0E-10,2016-07-26 00:00:00,2016-07-26 00:00:00,SAR,SA,SAR,0, , , , ,Games,,iPad,iOS
1,2,721668874,APPLE,US,com.hopy.FRIV ,Hopy Games ,Hopy Games ,1.9,3F,5.00,0.00000,0E-10,2016-07-26 00:00:00,2016-07-26 00:00:00,ILS,IL,ILS,0, , , , ,Games,,iPhone,iOS
1,2,721668874,APPLE,US,com.hopy.FRIV ,Hopy Games ,Hopy Games ,1.9,3F,2.00,0.00000,0E-10,2016-07-26 00:00:00,2016-07-26 00:00:00,USD,HR,USD,0, , , , ,Games,,iPhone,iOS
1,2,721668874,APPLE,US,com.hopy.FRIV ,Hopy Games ,Hopy Games ,1.9,7F,1.00,0.00000,0E-10,2016-07-26 00:00:00,2016-07-26 00:00:00,AED,AE,AED,0, , , , ,Games,,iPad,iOS
1,2,721668874,APPLE,US,com.hopy.FRIV ,Hopy Games ,Hopy Games ,1.9,3F,2.00,0.00000,0E-10,2016-07-26 00:00:00,2016-07-26 00:00:00,USD,KE,USD,0, , , , ,Games,,iPad,iOS
1,2,976009672,APPLE,US,hopy_jellydad_2015 ,Hopy Games ,JellyDad Hero ,0.2,3F,4.00,0.00000,0E-10,2016-07-26 00:00:00,2016-07-26 00:00:00,GBP,GB,GBP,0, , , , ,Games,,iPad,iOS
1,2,976009672,APPLE,US,hopy_jellydad_2015 ,Hopy Games ,JellyDad Hero ,0.2,3F,1.00,0.00000,0E-10,2016-07-26 00:00:00,2016-07-26 00:00:00,RUB,RU,RUB,0, , , , ,Games,,iPad,iOS
1,2,721668874,APPLE,US,com.hopy.FRIV ,Hopy Games ,Hopy Games ,1.9,3F,1.00,0.00000,0E-10,2016-07-26 00:00:00,2016-07-26 00:00:00,USD,PK,USD,0, , , , ,Games,,iPhone,iOS
1,2,976009672,APPLE,US,hopy_jellydad_2015 ,Hopy Games ,JellyDad Hero ,0.2,3F,1.00,0.00000,0E-10,2016-07-26 00:00:00,2016-07-26 00:00:00,AED,AE,AED,0, , , , ,Games,,iPad,iOS
1,2,680358411,APPLE,US,RCHelicopter ,Hopy Games ,RC Helicopter Challenge 3D Flight Simulator ,1.3,3F,1.00,0.00000,0E-10,2016-07-26 00:00:00,2016-07-26 00:00:00,EUR,HU,EUR,0, , , , ,Games,,iPhone,iOS
1,2,721668874,APPLE,US,com.hopy.FRIV ,Hopy Games ,Hopy Games ,1.9,3F,11.00,0.00000,0E-10,2016-07-26 00:00:00,2016-07-26 00:00:00,USD,US,USD,0, , , , ,Games,,iPhone,iOS
1,2,1051252134,APPLE,US,com.pegasgames.wheely4 ,Hopy Games ,Wheelie 4 - Time Travel ,1.32,3F,7.00,0.00000,0E-10,2016-07-26 00:00:00,2016-07-26 00:00:00,USD,US,USD,0, , , , ,Games,,iPod touch,iOS
1,2,589284685,APPLE,US,6453929787 ,Hopy Games ,Celeb Dress Up - Miley Cyrus Edition ,1.0.1,3T,1.00,0.00000,0E-10,2016-07-26 00:00:00,2016-07-26 00:00:00,USD,US,USD,0, , , , ,Games,,iPad,iOS
1,2,836660853,APPLE,US,SKU_CatchTheFly ,Hopy Games ,Catch The Fly - FREE ,2.0,3F,1.00,0.00000,0E-10,2016-07-26 00:00:00,2016-07-26 00:00:00,USD,US,USD,0, , , , ,Games,,iPod touch,iOS
1,2,1051585143,APPLE,US,air.com.pegasgames.wheely5 ,Hopy Games ,Wheelie 5 - Armageddon Free ,1.21,3F,1.00,0.00000,0E-10,2016-07-26 00:00:00,2016-07-26 00:00:00,USD,US,USD,0, , , , ,Games,,iPod touch,iOS
1,2,1051585143,APPLE,US,air.com.pegasgames.wheely5 ,Hopy Games ,Wheelie 5 - Armageddon Free ,1.21,3F,8.00,0.00000,0E-10,2016-07-26 00:00:00,2016-07-26 00:00:00,USD,US,USD,0, , , , ,Games,,iPhone,iOS
1,2,1051252134,APPLE,US,com.pegasgames.wheely4 ,Hopy Games ,Wheelie 4 - Time Travel ,1.32,3F,10.00,0.00000,0E-10,2016-07-26 00:00:00,2016-07-26 00:00:00,USD,US,USD,0, , , , ,Games,,iPhone,iOS
1,2,1051585143,APPLE,US,air.com.pegasgames.wheely5 ,Hopy Games ,Wheelie 5 - Armageddon Free ,1.21,7F,3.00,0.00000,0E-10,2016-07-26 00:00:00,2016-07-26 00:00:00,USD,US,USD,0, , , , ,Games,,iPad,iOS
1,2,1051252134,APPLE,US,com.pegasgames.wheely4 ,Hopy Games ,Wheelie 4 - Time Travel ,1.32,7F,3.00,0.00000,0E-10,2016-07-26 00:00:00,2016-07-26 00:00:00,USD,US,USD,0, , , , ,Games,,iPhone,iOS
1,2,1051585143,APPLE,US,air.com.pegasgames.wheely5 ,Hopy Games ,Wheelie 5 - Armageddon Free ,1.21,7F,3.00,0.00000,0E-10,2016-07-26 00:00:00,2016-07-26 00:00:00,USD,US,USD,0, , , , ,Games,,iPhone,iOS
1,2,1051252134,APPLE,US,com.pegasgames.wheely4 ,Hopy Games ,Wheelie 4 - Time Travel ,1.32,7F,9.00,0.00000,0E-10,2016-07-26 00:00:00,2016-07-26 00:00:00,USD,US,USD,0, , , , ,Games,,iPad,iOS
1,2,1051585143,APPLE,US,air.com.pegasgames.wheely5 ,Hopy Games ,Wheelie 5 - Armageddon Free ,1.2,3F,1.00,0.00000,0E-10,2016-07-26 00:00:00,2016-07-26 00:00:00,USD,US,USD,0, , , , ,Games,,iPhone,iOS
1,2,1084266569,APPLE,US,com.ragdoll.achievement ,Hopy Games ,Ragdoll Achievement ,2.0,3F,4.00,0.00000,0E-10,2016-07-26 00:00:00,2016-07-26 00:00:00,USD,US,USD,0, , , , ,Games,,iPhone,iOS
1,2,976009672,APPLE,US,hopy_jellydad_2015 ,Hopy Games ,JellyDad Hero ,0.2,3F,21.00,0.00000,0E-10,2016-07-26 00:00:00,2016-07-26 00:00:00,USD,US,USD,0, , , , ,Games,,iPad,iOS
1,2,721668874,APPLE,US,com.hopy.FRIV ,Hopy Games ,Hopy Games ,1.9,3F,1.00,0.00000,0E-10,2016-07-26 00:00:00,2016-07-26 00:00:00,USD,VN,USD,0, , , , ,Games,,iPad,iOS
1,2,1051585143,APPLE,US,air.com.pegasgames.wheely5 ,Hopy Games ,Wheelie 5 - Armageddon Free ,1.21,3F,1.00,0.00000,0E-10,2016-07-26 00:00:00,2016-07-26 00:00:00,INR,IN,INR,0, , , , ,Games,,iPad,iOS
1,2,721668874,APPLE,US,com.hopy.FRIV ,Hopy Games ,Hopy Games ,1.9,3F,3.00,0.00000,0E-10,2016-07-26 00:00:00,2016-07-26 00:00:00,USD,PH,USD,0, , , , ,Games,,iPad,iOS
1,2,721668874,APPLE,US,com.hopy.FRIV ,Hopy Games ,Hopy Games ,1.9,3F,1.00,0.00000,0E-10,2016-07-26 00:00:00,2016-07-26 00:00:00,SGD,SG,SGD,0, , , , ,Games,,iPod touch,iOS
1,2,1051252134,APPLE,US,com.pegasgames.wheely4 ,Hopy Games ,Wheelie 4 - Time Travel ,1.32,3F,2.00,0.00000,0E-10,2016-07-26 00:00:00,2016-07-26 00:00:00,CNY,CN,CNY,0, , , , ,Games,,iPad,iOS
1,2,718353901,APPLE,US,HopyTree ,Hopy Games ,Hopy Tree ,1,3F,1.00,0.00000,0E-10,2016-07-26 00:00:00,2016-07-26 00:00:00,USD,VN,USD,0, , , , ,Games,,iPad,iOS
1,2,976009672,APPLE,US,hopy_jellydad_2015 ,Hopy Games ,JellyDad Hero ,0.2,3F,1.00,0.00000,0E-10,2016-07-26 00:00:00,2016-07-26 00:00:00,CNY,CN,CNY,0, , , , ,Games,,iPhone,iOS
1,2,721668874,APPLE,US,com.hopy.FRIV ,Hopy Games ,Hopy Games ,1.9,3F,1.00,0.00000,0E-10,2016-07-26 00:00:00,2016-07-26 00:00:00,JPY,JP,JPY,0, , , , ,Games,,iPad,iOS
1,2,1051252134,APPLE,US,com.pegasgames.wheely4 ,Hopy Games ,Wheelie 4 - Time Travel ,1.32,3F,1.00,0.00000,0E-10,2016-07-26 00:00:00,2016-07-26 00:00:00,SGD,SG,SGD,0, , , , ,Games,,iPhone,iOS
1,2,721668874,APPLE,US,com.hopy.FRIV ,Hopy Games ,Hopy Games ,1.9,3F,1.00,0.00000,0E-10,2016-07-26 00:00:00,2016-07-26 00:00:00,IDR,ID,IDR,0, , , , ,Games,,iPhone,iOS
1,2,721668874,APPLE,US,com.hopy.FRIV ,Hopy Games ,Hopy Games ,1.9,3F,13.00,0.00000,0E-10,2016-07-26 00:00:00,2016-07-26 00:00:00,USD,US,USD,0, , , , ,Games,,iPad,iOS
1,2,574620909,APPLE,US,6425464625 ,Hopy Games ,Celeb Dress Up - Nicki Minaj Edition ,1.0.1,3T,2.00,0.00000,0E-10,2016-07-26 00:00:00,2016-07-26 00:00:00,USD,US,USD,0, , , , ,Games,,iPad,iOS
1,2,1051585143,APPLE,US,air.com.pegasgames.wheely5 ,Hopy Games ,Wheelie 5 - Armageddon Free ,1.21,3F,28.00,0.00000,0E-10,2016-07-26 00:00:00,2016-07-26 00:00:00,USD,US,USD,0, , , , ,Games,,iPad,iOS
1,2,1051252134,APPLE,US,com.pegasgames.wheely4 ,Hopy Games ,Wheelie 4 - Time Travel ,1.31,3F,1.00,0.00000,0E-10,2016-07-26 00:00:00,2016-07-26 00:00:00,USD,US,USD,0, , , , ,Games,,iPad,iOS
1,2,907063329,APPLE,US,com.ofir.pregapp ,Hopy Games ,PregApp ,1.0.2,3F,2.00,0.00000,0E-10,2016-07-26 00:00:00,2016-07-26 00:00:00,USD,US,USD,0, , , , ,Education,,iPad,iOS
1,2,1051252134,APPLE,US,com.pegasgames.wheely4 ,Hopy Games ,Wheelie 4 - Time Travel ,1.32,3F,38.00,0.00000,0E-10,2016-07-26 00:00:00,2016-07-26 00:00:00,USD,US,USD,0, , , , ,Games,,iPad,iOS
1,2,1084266569,APPLE,US,com.ragdoll.achievement ,Hopy Games ,Ragdoll Achievement ,2.0,3F,5.00,0.00000,0E-10,2016-07-26 00:00:00,2016-07-26 00:00:00,USD,US,USD,0, , , , ,Games,,iPad,iOS
1,2,976009672,APPLE,US,hopy_jellydad_2015 ,Hopy Games ,JellyDad Hero ,0.2,3F,1.00,0.00000,0E-10,2016-07-26 00:00:00,2016-07-26 00:00:00,SGD,SG,SGD,0, , , , ,Games,,iPad,iOS
1,2,721668874,APPLE,US,com.hopy.FRIV ,Hopy Games ,Hopy Games ,1.9,3F,1.00,0.00000,0E-10,2016-07-26 00:00:00,2016-07-26 00:00:00,THB,TH,THB,0, , , , ,Games,,iPhone,iOS
1,2,721668874,APPLE,US,com.hopy.FRIV ,Hopy Games ,Hopy Games ,1.9,3F,1.00,0.00000,0E-10,2016-07-26 00:00:00,2016-07-26 00:00:00,USD,PH,USD,0, , , , ,Games,,iPhone,iOS
1,2,680358411,APPLE,US,RCHelicopter ,Hopy Games ,RC Helicopter Challenge 3D Flight Simulator ,1.3,3F,1.00,0.00000,0E-10,2016-07-26 00:00:00,2016-07-26 00:00:00,CNY,CN,CNY,0, , , , ,Games,,iPad,iOS
1,2,976009672,APPLE,US,hopy_jellydad_2015 ,Hopy Games ,JellyDad Hero ,0.2,3F,9.00,0.00000,0E-10,2016-07-26 00:00:00,2016-07-26 00:00:00,USD,US,USD,0, , , , ,Games,,iPhone,iOS
1,2,907063329,APPLE,US,com.ofir.pregapp ,Hopy Games ,PregApp ,1.0.2,3F,4.00,0.00000,0E-10,2016-07-26 00:00:00,2016-07-26 00:00:00,USD,US,USD,0, , , , ,Education,,iPhone,iOS
1,2,1051252134,APPLE,US,com.pegasgames.wheely4,Hopy Games,Wheelie 4 - Time Travel,1.32,1F,4.00,0.00000,0E-10,2016-07-26 00:00:00,2016-07-26 00:00:00,GBP,GB,GBP,0, , , , ,Games,,iPhone,iOS
1,2,976009672,APPLE,US,hopy_jellydad_2015,Hopy Games,JellyDad Hero,0.2,1F,7.00,0.00000,0E-10,2016-07-26 00:00:00,2016-07-26 00:00:00,GBP,GB,GBP,0, , , , ,Games,,iPad,iOS
1,2,1051252134,APPLE,US,com.pegasgames.wheely4,Hopy Games,Wheelie 4 - Time Travel,1.32,1F,2.00,0.00000,0E-10,2016-07-26 00:00:00,2016-07-26 00:00:00,EUR,FI,EUR,0, , , , ,Games,,iPhone,iOS
1,2,1051252134,APPLE,US,com.pegasgames.wheely4,Hopy Games,Wheelie 4 - Time Travel,1.32,1F,5.00,0.00000,0E-10,2016-07-26 00:00:00,2016-07-26 00:00:00,RUB,RU,RUB,0, , , , ,Games,,iPhone,iOS
1,2,1051252134,APPLE,US,com.pegasgames.wheely4,Hopy Games,Wheelie 4 - Time Travel,1.32,1F,1.00,0.00000,0E-10,2016-07-26 00:00:00,2016-07-26 00:00:00,EUR,BE,EUR,0, , , , ,Games,,iPhone,iOS
1,2,887614543,APPLE,US,19861986,Hopy Games,The Mighty Knight,1.00,1F,1.00,0.00000,0E-10,2016-07-26 00:00:00,2016-07-26 00:00:00,EUR,DE,EUR,0, , , , ,Games,,iPhone,iOS
1,2,1051585143,APPLE,US,air.com.pegasgames.wheely5,Hopy Games,Wheelie 5 - Armageddon Free,1.21,1F,1.00,0.00000,0E-10,2016-07-26 00:00:00,2016-07-26 00:00:00,USD,AZ,USD,0, , , , ,Games,,iPhone,iOS
1,2,1051585143,APPLE,US,air.com.pegasgames.wheely5,Hopy Games,Wheelie 5 - Armageddon Free,1.21,1F,1.00,0.00000,0E-10,2016-07-26 00:00:00,2016-07-26 00:00:00,SAR,SA,SAR,0, , , , ,Games,,iPad,iOS
1,2,721668874,APPLE,US,com.hopy.FRIV,Hopy Games,Hopy Games,1.9,1F,2.00,0.00000,0E-10,2016-07-26 00:00:00,2016-07-26 00:00:00,ILS,IL,ILS,0, , , , ,Games,,iPad,iOS
1,2,721668874,APPLE,US,com.hopy.FRIV,Hopy Games,Hopy Games,1.9,1F,1.00,0.00000,0E-10,2016-07-26 00:00:00,2016-07-26 00:00:00,EUR,IT,EUR,0, , , , ,Games,,iPad,iOS
1,2,680358411,APPLE,US,RCHelicopter,Hopy Games,RC Helicopter Challenge 3D Flight Simulator,1.3,1F,1.00,0.00000,0E-10,2016-07-26 00:00:00,2016-07-26 00:00:00,AED,AE,AED,0, , , , ,Games,,iPhone,iOS
1,2,1095230922,APPLE,US,pm.tap.zcj2,Hopy Games,Zombies Can't Jump 2,1.0.3,1F,2.00,0.00000,0E-10,2016-07-26 00:00:00,2016-07-26 00:00:00,GBP,GB,GBP,0, , , , ,Games,,iPad,iOS
1,2,721668874,APPLE,US,com.hopy.FRIV,Hopy Games,Hopy Games,1.9,1F,1.00,0.00000,0E-10,2016-07-26 00:00:00,2016-07-26 00:00:00,EUR,CY,EUR,0, , , , ,Games,,iPad,iOS
1,2,1084266569,APPLE,US,com.ragdoll.achievement,Hopy Games,Ragdoll Achievement,2.0,1F,7.00,0.00000,0E-10,2016-07-26 00:00:00,2016-07-26 00:00:00,GBP,GB,GBP,0, , , , ,Games,,iPad,iOS
1,2,1084266569,APPLE,US,com.ragdoll.achievement,Hopy Games,Ragdoll Achievement,2.0,1F,3.00,0.00000,0E-10,2016-07-26 00:00:00,2016-07-26 00:00:00,RUB,RU,RUB,0, , , , ,Games,,iPad,iOS
1,2,1051585143,APPLE,US,air.com.pegasgames.wheely5,Hopy Games,Wheelie 5 - Armageddon Free,1.21,1F,1.00,0.00000,0E-10,2016-07-26 00:00:00,2016-07-26 00:00:00,USD,UA,USD,0, , , , ,Games,,iPad,iOS
1,2,680358411,APPLE,US,RCHelicopter,Hopy Games,RC Helicopter Challenge 3D Flight Simulator,1.3,1F,1.00,0.00000,0E-10,2016-07-26 00:00:00,2016-07-26 00:00:00,USD,OM,USD,0, , , , ,Games,,iPad,iOS
1,2,680358411,APPLE,US,RCHelicopter,Hopy Games,RC Helicopter Challenge 3D Flight Simulator,1.3,1F,1.00,0.00000,0E-10,2016-07-26 00:00:00,2016-07-26 00:00:00,USD,PK,USD,0, , , , ,Games,,iPhone,iOS
1,2,1095230922,APPLE,US,pm.tap.zcj2,Hopy Games,Zombies Can't Jump 2,1.0.3,1F,1.00,0.00000,0E-10,2016-07-26 00:00:00,2016-07-26 00:00:00,AED,AE,AED,0, , , , ,Games,,iPhone,iOS
1,2,1051252134,APPLE,US,com.pegasgames.wheely4,Hopy Games,Wheelie 4 - Time Travel,1.32,1F,1.00,0.00000,0E-10,2016-07-26 00:00:00,2016-07-26 00:00:00,AED,AE,AED,0, , , , ,Games,,iPhone,iOS
1,2,1051585143,APPLE,US,air.com.pegasgames.wheely5,Hopy Games,Wheelie 5 - Armageddon Free,1.21,1F,1.00,0.00000,0E-10,2016-07-26 00:00:00,2016-07-26 00:00:00,EUR,DE,EUR,0, , , , ,Games,,iPhone,iOS
1,2,738595009,APPLE,US,age.of.war.1,Hopy Games,Age Of War - Revenge,1,1F,1.00,0.00000,0E-10,2016-07-26 00:00:00,2016-07-26 00:00:00,EUR,SK,EUR,0, , , , ,Games,,iPod touch,iOS
1,2,1051252134,APPLE,US,com.pegasgames.wheely4,Hopy Games,Wheelie 4 - Time Travel,1.32,1F,1.00,0.00000,0E-10,2016-07-26 00:00:00,2016-07-26 00:00:00,EUR,FI,EUR,0, , , , ,Games,,iPad,iOS
1,2,976009672,APPLE,US,hopy_jellydad_2015,Hopy Games,JellyDad Hero,0.2,1F,1.00,0.00000,0E-10,2016-07-26 00:00:00,2016-07-26 00:00:00,TRY,TR,TRY,0, , , , ,Games,,iPad,iOS
1,2,721668874,APPLE,US,com.hopy.FRIV,Hopy Games,Hopy Games,1.9,1F,2.00,0.00000,0E-10,2016-07-26 00:00:00,2016-07-26 00:00:00,USD,EG,USD,0, , , , ,Games,,iPad,iOS
1,2,721668874,APPLE,US,com.hopy.FRIV,Hopy Games,Hopy Games,1.9,1F,2.00,0.00000,0E-10,2016-07-26 00:00:00,2016-07-26 00:00:00,USD,AL,USD,0, , , , ,Games,,iPhone,iOS
1,2,1051585143,APPLE,US,air.com.pegasgames.wheely5,Hopy Games,Wheelie 5 - Armageddon Free,1.21,1F,1.00,0.00000,0E-10,2016-07-26 00:00:00,2016-07-26 00:00:00,AED,AE,AED,0, , , , ,Games,,iPhone,iOS
1,2,1051252134,APPLE,US,com.pegasgames.wheely4,Hopy Games,Wheelie 4 - Time Travel,1.32,1F,1.00,0.00000,0E-10,2016-07-26 00:00:00,2016-07-26 00:00:00,ILS,IL,ILS,0, , , , ,Games,,iPad,iOS
1,2,1095230922,APPLE,US,pm.tap.zcj2,Hopy Games,Zombies Can't Jump 2,1.0.3,1F,1.00,0.00000,0E-10,2016-07-26 00:00:00,2016-07-26 00:00:00,EUR,ES,EUR,0, , , , ,Games,,iPad,iOS
1,2,1051252134,APPLE,US,com.pegasgames.wheely4,Hopy Games,Wheelie 4 - Time Travel,1.32,1F,1.00,0.00000,0E-10,2016-07-26 00:00:00,2016-07-26 00:00:00,USD,MU,USD,0, , , , ,Games,,iPhone,iOS
1,2,907063329,APPLE,US,com.ofir.pregapp,Hopy Games,PregApp,1.0.2,1F,2.00,0.00000,0E-10,2016-07-26 00:00:00,2016-07-26 00:00:00,GBP,GB,GBP,0, , , , ,Education,,iPhone,iOS
1,2,721668874,APPLE,US,com.hopy.FRIV,Hopy Games,Hopy Games,1.9,1F,4.00,0.00000,0E-10,2016-07-26 00:00:00,2016-07-26 00:00:00,EUR,IT,EUR,0, , , , ,Games,,iPhone,iOS
1,2,721668874,APPLE,US,com.hopy.FRIV,Hopy Games,Hopy Games,1.9,1F,1.00,0.00000,0E-10,2016-07-26 00:00:00,2016-07-26 00:00:00,EUR,CZ,EUR,0, , , , ,Games,,iPhone,iOS
1,2,907063329,APPLE,US,com.ofir.pregapp,Hopy Games,PregApp,1.0.2,1F,1.00,0.00000,0E-10,2016-07-26 00:00:00,2016-07-26 00:00:00,USD,QA,USD,0, , , , ,Education,,iPhone,iOS
1,2,887614543,APPLE,US,19861986,Hopy Games,The Mighty Knight,1.00,1F,1.00,0.00000,0E-10,2016-07-26 00:00:00,2016-07-26 00:00:00,USD,AL,USD,0, , , , ,Games,,iPhone,iOS
1,2,907063329,APPLE,US,com.ofir.pregapp,Hopy Games,PregApp,1.0.2,1F,1.00,0.00000,0E-10,2016-07-26 00:00:00,2016-07-26 00:00:00,USD,PK,USD,0, , , , ,Education,,iPad,iOS
1,2,680358411,APPLE,US,RCHelicopter,Hopy Games,RC Helicopter Challenge 3D Flight Simulator,1.3,1F,1.00,0.00000,0E-10,2016-07-26 00:00:00,2016-07-26 00:00:00,EUR,DE,EUR,0, , , , ,Games,,iPad,iOS
1,2,1051252134,APPLE,US,com.pegasgames.wheely4,Hopy Games,Wheelie 4 - Time Travel,1.32,1F,2.00,0.00000,0E-10,2016-07-26 00:00:00,2016-07-26 00:00:00,EUR,NL,EUR,0, , , , ,Games,,iPad,iOS
1,2,721668874,APPLE,US,com.hopy.FRIV,Hopy Games,Hopy Games,1.9,1F,2.00,0.00000,0E-10,2016-07-26 00:00:00,2016-07-26 00:00:00,EUR,DE,EUR,0, , , , ,Games,,iPad,iOS
1,2,721668874,APPLE,US,com.hopy.FRIV,Hopy Games,Hopy Games,1.9,1F,2.00,0.00000,0E-10,2016-07-26 00:00:00,2016-07-26 00:00:00,USD,HR,USD,0, , , , ,Games,,iPhone,iOS
1,2,721668874,APPLE,US,com.hopy.FRIV,Hopy Games,Hopy Games,1.9,1F,1.00,0.00000,0E-10,2016-07-26 00:00:00,2016-07-26 00:00:00,TRY,TR,TRY,0, , , , ,Games,,iPhone,iOS
1,2,721668874,APPLE,US,com.hopy.FRIV,Hopy Games,Hopy Games,1.9,1F,1.00,0.00000,0E-10,2016-07-26 00:00:00,2016-07-26 00:00:00,EUR,FR,EUR,0, , , , ,Games,,iPhone,iOS
1,2,721668874,APPLE,US,com.hopy.FRIV,Hopy Games,Hopy Games,1.9,1F,4.00,0.00000,0E-10,2016-07-26 00:00:00,2016-07-26 00:00:00,AED,AE,AED,0, , , , ,Games,,iPhone,iOS
1,2,718353901,APPLE,US,HopyTree,Hopy Games,Hopy Tree,1,1F,1.00,0.00000,0E-10,2016-07-26 00:00:00,2016-07-26 00:00:00,USD,TN,USD,0, , , , ,Games,,iPhone,iOS
1,2,721668874,APPLE,US,com.hopy.FRIV,Hopy Games,Hopy Games,1.9,1F,2.00,0.00000,0E-10,2016-07-26 00:00:00,2016-07-26 00:00:00,SAR,SA,SAR,0, , , , ,Games,,iPad,iOS
1,2,1051585143,APPLE,US,air.com.pegasgames.wheely5,Hopy Games,Wheelie 5 - Armageddon Free,1.21,1F,1.00,0.00000,0E-10,2016-07-26 00:00:00,2016-07-26 00:00:00,ILS,IL,ILS,0, , , , ,Games,,iPad,iOS
1,2,1051252134,APPLE,US,com.pegasgames.wheely4,Hopy Games,Wheelie 4 - Time Travel,1.32,1F,1.00,0.00000,0E-10,2016-07-26 00:00:00,2016-07-26 00:00:00,EUR,IT,EUR,0, , , , ,Games,,iPad,iOS
1,2,1051585143,APPLE,US,air.com.pegasgames.wheely5,Hopy Games,Wheelie 5 - Armageddon Free,1.21,1F,1.00,0.00000,0E-10,2016-07-26 00:00:00,2016-07-26 00:00:00,USD,MU,USD,0, , , , ,Games,,iPhone,iOS
1,2,1051585143,APPLE,US,air.com.pegasgames.wheely5,Hopy Games,Wheelie 5 - Armageddon Free,1.21,1F,1.00,0.00000,0E-10,2016-07-26 00:00:00,2016-07-26 00:00:00,USD,PK,USD,0, , , , ,Games,,iPad,iOS
1,2,976179553,APPLE,US,com.jellydad.remove_ads, ,Remove Ads, ,IA1,1.00,0.32200,0.4600000000,2016-07-26 00:00:00,2016-07-26 00:00:00,GBP,GB,GBP,0.79, ,hopy_jellydad_2015, , ,Games,,iPad,iOS
1,2,1051585143,APPLE,US,air.com.pegasgames.wheely5,Hopy Games,Wheelie 5 - Armageddon Free,1.21,1F,1.00,0.00000,0E-10,2016-07-26 00:00:00,2016-07-26 00:00:00,USD,UA,USD,0, , , , ,Games,,iPhone,iOS
1,2,721668874,APPLE,US,com.hopy.FRIV,Hopy Games,Hopy Games,1.9,1F,1.00,0.00000,0E-10,2016-07-26 00:00:00,2016-07-26 00:00:00,SEK,SE,SEK,0, , , , ,Games,,iPhone,iOS
1,2,721668874,APPLE,US,com.hopy.FRIV,Hopy Games,Hopy Games,1.9,1F,1.00,0.00000,0E-10,2016-07-26 00:00:00,2016-07-26 00:00:00,USD,LB,USD,0, , , , ,Games,,iPod touch,iOS
1,2,976009672,APPLE,US,hopy_jellydad_2015,Hopy Games,JellyDad Hero,0.2,1F,1.00,0.00000,0E-10,2016-07-26 00:00:00,2016-07-26 00:00:00,USD,KW,USD,0, , , , ,Games,,iPad,iOS
1,2,1051585143,APPLE,US,air.com.pegasgames.wheely5,Hopy Games,Wheelie 5 - Armageddon Free,1.21,1F,5.00,0.00000,0E-10,2016-07-26 00:00:00,2016-07-26 00:00:00,RUB,RU,RUB,0, , , , ,Games,,iPad,iOS
1,2,721668874,APPLE,US,com.hopy.FRIV,Hopy Games,Hopy Games,1.9,1F,2.00,0.00000,0E-10,2016-07-26 00:00:00,2016-07-26 00:00:00,EUR,NL,EUR,0, , , , ,Games,,iPad,iOS
1,2,721668874,APPLE,US,com.hopy.FRIV,Hopy Games,Hopy Games,1.9,1F,6.00,0.00000,0E-10,2016-07-26 00:00:00,2016-07-26 00:00:00,EUR,ES,EUR,0, , , , ,Games,,iPad,iOS
1,2,1051252134,APPLE,US,com.pegasgames.wheely4,Hopy Games,Wheelie 4 - Time Travel,1.32,1F,5.00,0.00000,0E-10,2016-07-26 00:00:00,2016-07-26 00:00:00,USD,UA,USD,0, , , , ,Games,,iPad,iOS
1,2,1051585143,APPLE,US,air.com.pegasgames.wheely5,Hopy Games,Wheelie 5 - Armageddon Free,1.21,1F,1.00,0.00000,0E-10,2016-07-26 00:00:00,2016-07-26 00:00:00,EUR,IT,EUR,0, , , , ,Games,,iPad,iOS
1,2,721668874,APPLE,US,com.hopy.FRIV,Hopy Games,Hopy Games,1.9,1F,1.00,0.00000,0E-10,2016-07-26 00:00:00,2016-07-26 00:00:00,USD,PK,USD,0, , , , ,Games,,iPhone,iOS
1,2,721668874,APPLE,US,com.hopy.FRIV,Hopy Games,Hopy Games,1.9,1F,1.00,0.00000,0E-10,2016-07-26 00:00:00,2016-07-26 00:00:00,USD,MK,USD,0, , , , ,Games,,iPad,iOS
1,2,721668874,APPLE,US,com.hopy.FRIV,Hopy Games,Hopy Games,1.9,1F,3.00,0.00000,0E-10,2016-07-26 00:00:00,2016-07-26 00:00:00,ILS,IL,ILS,0, , , , ,Games,,iPhone,iOS
1,2,1051585143,APPLE,US,air.com.pegasgames.wheely5,Hopy Games,Wheelie 5 - Armageddon Free,1.21,1F,1.00,0.00000,0E-10,2016-07-26 00:00:00,2016-07-26 00:00:00,USD,EG,USD,0, , , , ,Games,,iPhone,iOS
1,2,721668874,APPLE,US,com.hopy.FRIV,Hopy Games,Hopy Games,1.9,1F,5.00,0.00000,0E-10,2016-07-26 00:00:00,2016-07-26 00:00:00,GBP,GB,GBP,0, , , , ,Games,,iPhone,iOS
1,2,587951604,APPLE,US,528973779,Hopy Games,Celeb Dress Up - Katy Perry Edition,1.0.1,1T,1.00,0.00000,0E-10,2016-07-26 00:00:00,2016-07-26 00:00:00,GBP,GB,GBP,0, , , , ,Games,,iPad,iOS
1,2,721668874,APPLE,US,com.hopy.FRIV,Hopy Games,Hopy Games,1.9,1F,1.00,0.00000,0E-10,2016-07-26 00:00:00,2016-07-26 00:00:00,EUR,FR,EUR,0, , , , ,Games,,iPad,iOS
1,2,1051252134,APPLE,US,com.pegasgames.wheely4,Hopy Games,Wheelie 4 - Time Travel,1.32,1F,1.00,0.00000,0E-10,2016-07-26 00:00:00,2016-07-26 00:00:00,USD,MD,USD,0, , , , ,Games,,iPhone,iOS
1,2,1051252134,APPLE,US,com.pegasgames.wheely4,Hopy Games,Wheelie 4 - Time Travel,1.32,1F,1.00,0.00000,0E-10,2016-07-26 00:00:00,2016-07-26 00:00:00,USD,AL,USD,0, , , , ,Games,,iPhone,iOS
1,2,976009672,APPLE,US,hopy_jellydad_2015,Hopy Games,JellyDad Hero,0.2,1F,1.00,0.00000,0E-10,2016-07-26 00:00:00,2016-07-26 00:00:00,EUR,ES,EUR,0, , , , ,Games,,iPad,iOS
1,2,1051252134,APPLE,US,com.pegasgames.wheely4,Hopy Games,Wheelie 4 - Time Travel,1.32,1F,1.00,0.00000,0E-10,2016-07-26 00:00:00,2016-07-26 00:00:00,EUR,LV,EUR,0, , , , ,Games,,iPhone,iOS
1,2,1051252134,APPLE,US,com.pegasgames.wheely4,Hopy Games,Wheelie 4 - Time Travel,1.32,1F,1.00,0.00000,0E-10,2016-07-26 00:00:00,2016-07-26 00:00:00,SAR,SA,SAR,0, , , , ,Games,,iPhone,iOS
1,2,721668874,APPLE,US,com.hopy.FRIV,Hopy Games,Hopy Games,1.9,1F,1.00,0.00000,0E-10,2016-07-26 00:00:00,2016-07-26 00:00:00,EUR,HU,EUR,0, , , , ,Games,,iPhone,iOS
1,2,721668874,APPLE,US,com.hopy.FRIV,Hopy Games,Hopy Games,1.9,1F,1.00,0.00000,0E-10,2016-07-26 00:00:00,2016-07-26 00:00:00,SEK,SE,SEK,0, , , , ,Games,,iPad,iOS
1,2,721668874,APPLE,US,com.hopy.FRIV,Hopy Games,Hopy Games,1.9,1F,2.00,0.00000,0E-10,2016-07-26 00:00:00,2016-07-26 00:00:00,EUR,ES,EUR,0, , , , ,Games,,iPhone,iOS
1,2,680358411,APPLE,US,RCHelicopter,Hopy Games,RC Helicopter Challenge 3D Flight Simulator,1.3,1F,3.00,0.00000,0E-10,2016-07-26 00:00:00,2016-07-26 00:00:00,GBP,GB,GBP,0, , , , ,Games,,iPad,iOS
1,2,721668874,APPLE,US,com.hopy.FRIV,Hopy Games,Hopy Games,1.9,1F,2.00,0.00000,0E-10,2016-07-26 00:00:00,2016-07-26 00:00:00,GBP,GB,GBP,0, , , , ,Games,,iPod touch,iOS
1,2,721668874,APPLE,US,com.hopy.FRIV,Hopy Games,Hopy Games,1.9,1F,1.00,0.00000,0E-10,2016-07-26 00:00:00,2016-07-26 00:00:00,CHF,CH,CHF,0, , , , ,Games,,iPhone,iOS
1,2,1051252134,APPLE,US,com.pegasgames.wheely4,Hopy Games,Wheelie 4 - Time Travel,1.32,1F,1.00,0.00000,0E-10,2016-07-26 00:00:00,2016-07-26 00:00:00,EUR,EE,EUR,0, , , , ,Games,,iPhone,iOS
1,2,976009672,APPLE,US,hopy_jellydad_2015,Hopy Games,JellyDad Hero,0.2,1F,1.00,0.00000,0E-10,2016-07-26 00:00:00,2016-07-26 00:00:00,GBP,GB,GBP,0, , , , ,Games,,iPhone,iOS
1,2,1051585143,APPLE,US,air.com.pegasgames.wheely5,Hopy Games,Wheelie 5 - Armageddon Free,1.21,1F,2.00,0.00000,0E-10,2016-07-26 00:00:00,2016-07-26 00:00:00,GBP,GB,GBP,0, , , , ,Games,,iPhone,iOS
1,2,1051585143,APPLE,US,air.com.pegasgames.wheely5,Hopy Games,Wheelie 5 - Armageddon Free,1.21,1F,5.00,0.00000,0E-10,2016-07-26 00:00:00,2016-07-26 00:00:00,RUB,RU,RUB,0, , , , ,Games,,iPhone,iOS
1,2,941006873,APPLE,US,com.hopy.RunHopyRun,Hopy Games,Run Hopy Run,1.0.0,1F,1.00,0.00000,0E-10,2016-07-26 00:00:00,2016-07-26 00:00:00,USD,PK,USD,0, , , , ,Games,,iPhone,iOS
1,2,1095230922,APPLE,US,pm.tap.zcj2,Hopy Games,Zombies Can't Jump 2,1.0.3,1F,1.00,0.00000,0E-10,2016-07-26 00:00:00,2016-07-26 00:00:00,EUR,BE,EUR,0, , , , ,Games,,iPad,iOS
1,2,738595009,APPLE,US,age.of.war.1,Hopy Games,Age Of War - Revenge,1,1F,1.00,0.00000,0E-10,2016-07-26 00:00:00,2016-07-26 00:00:00,USD,EG,USD,0, , , , ,Games,,iPhone,iOS
1,2,1084266569,APPLE,US,com.ragdoll.achievement,Hopy Games,Ragdoll Achievement,2.0,1F,1.00,0.00000,0E-10,2016-07-26 00:00:00,2016-07-26 00:00:00,NOK,NO,NOK,0, , , , ,Games,,iPhone,iOS
1,2,1051252134,APPLE,US,com.pegasgames.wheely4,Hopy Games,Wheelie 4 - Time Travel,1.32,1F,1.00,0.00000,0E-10,2016-07-26 00:00:00,2016-07-26 00:00:00,EUR,DE,EUR,0, , , , ,Games,,iPhone,iOS
1,2,738595009,APPLE,US,age.of.war.1,Hopy Games,Age Of War - Revenge,1,1F,1.00,0.00000,0E-10,2016-07-26 00:00:00,2016-07-26 00:00:00,EUR,PL,EUR,0, , , , ,Games,,iPhone,iOS
1,2,721668874,APPLE,US,com.hopy.FRIV,Hopy Games,Hopy Games,1.9,1F,2.00,0.00000,0E-10,2016-07-26 00:00:00,2016-07-26 00:00:00,USD,PK,USD,0, , , , ,Games,,iPod touch,iOS
1,2,721668874,APPLE,US,com.hopy.FRIV,Hopy Games,Hopy Games,1.9,1F,1.00,0.00000,0E-10,2016-07-26 00:00:00,2016-07-26 00:00:00,TRY,TR,TRY,0, , , , ,Games,,iPad,iOS
1,2,721668874,APPLE,US,com.hopy.FRIV,Hopy Games,Hopy Games,1.9,1F,3.00,0.00000,0E-10,2016-07-26 00:00:00,2016-07-26 00:00:00,RUB,RU,RUB,0, , , , ,Games,,iPhone,iOS
1,2,721668874,APPLE,US,com.hopy.FRIV,Hopy Games,Hopy Games,1.9,1F,3.00,0.00000,0E-10,2016-07-26 00:00:00,2016-07-26 00:00:00,EUR,RO,EUR,0, , , , ,Games,,iPhone,iOS
1,2,721668874,APPLE,US,com.hopy.FRIV,Hopy Games,Hopy Games,1.9,1F,1.00,0.00000,0E-10,2016-07-26 00:00:00,2016-07-26 00:00:00,EUR,PT,EUR,0, , , , ,Games,,iPad,iOS
1,2,721668874,APPLE,US,com.hopy.FRIV,Hopy Games,Hopy Games,1.9,1F,3.00,0.00000,0E-10,2016-07-26 00:00:00,2016-07-26 00:00:00,AED,AE,AED,0, , , , ,Games,,iPad,iOS
1,2,1084266569,APPLE,US,com.ragdoll.achievement,Hopy Games,Ragdoll Achievement,2.0,1F,1.00,0.00000,0E-10,2016-07-26 00:00:00,2016-07-26 00:00:00,EUR,NL,EUR,0, , , , ,Games,,iPad,iOS
1,2,1095230922,APPLE,US,pm.tap.zcj2,Hopy Games,Zombies Can't Jump 2,1.0.3,1F,1.00,0.00000,0E-10,2016-07-26 00:00:00,2016-07-26 00:00:00,TRY,TR,TRY,0, , , , ,Games,,iPad,iOS
1,2,1051585143,APPLE,US,air.com.pegasgames.wheely5,Hopy Games,Wheelie 5 - Armageddon Free,1.21,1F,1.00,0.00000,0E-10,2016-07-26 00:00:00,2016-07-26 00:00:00,EUR,DE,EUR,0, , , , ,Games,,iPad,iOS
1,2,721668874,APPLE,US,com.hopy.FRIV,Hopy Games,Hopy Games,1.9,1F,1.00,0.00000,0E-10,2016-07-26 00:00:00,2016-07-26 00:00:00,USD,QA,USD,0, , , , ,Games,,iPad,iOS
1,2,721668874,APPLE,US,com.hopy.FRIV,Hopy Games,Hopy Games,1.9,1F,9.00,0.00000,0E-10,2016-07-26 00:00:00,2016-07-26 00:00:00,GBP,GB,GBP,0, , , , ,Games,,iPad,iOS
1,2,680358411,APPLE,US,RCHelicopter,Hopy Games,RC Helicopter Challenge 3D Flight Simulator,1.3,1F,1.00,0.00000,0E-10,2016-07-26 00:00:00,2016-07-26 00:00:00,NOK,NO,NOK,0, , , , ,Games,,iPhone,iOS
1,2,738595009,APPLE,US,age.of.war.1,Hopy Games,Age Of War - Revenge,1,1F,1.00,0.00000,0E-10,2016-07-26 00:00:00,2016-07-26 00:00:00,EUR,CZ,EUR,0, , , , ,Games,,iPad,iOS
1,2,1051585143,APPLE,US,air.com.pegasgames.wheely5,Hopy Games,Wheelie 5 - Armageddon Free,1.21,1F,6.00,0.00000,0E-10,2016-07-26 00:00:00,2016-07-26 00:00:00,GBP,GB,GBP,0, , , , ,Games,,iPad,iOS
1,2,738595009,APPLE,US,age.of.war.1,Hopy Games,Age Of War - Revenge,1,1F,1.00,0.00000,0E-10,2016-07-26 00:00:00,2016-07-26 00:00:00,RUB,RU,RUB,0, , , , ,Games,,iPhone,iOS
1,2,738595009,APPLE,US,age.of.war.1,Hopy Games,Age Of War - Revenge,1,1F,1.00,0.00000,0E-10,2016-07-26 00:00:00,2016-07-26 00:00:00,TRY,TR,TRY,0, , , , ,Games,,iPad,iOS
1,2,1051252134,APPLE,US,com.pegasgames.wheely4,Hopy Games,Wheelie 4 - Time Travel,1.32,1F,1.00,0.00000,0E-10,2016-07-26 00:00:00,2016-07-26 00:00:00,USD,EG,USD,0, , , , ,Games,,iPhone,iOS
1,2,721668874,APPLE,US,com.hopy.FRIV,Hopy Games,Hopy Games,1.9,1F,2.00,0.00000,0E-10,2016-07-26 00:00:00,2016-07-26 00:00:00,EUR,DE,EUR,0, , , , ,Games,,iPhone,iOS
1,2,1051252134,APPLE,US,com.pegasgames.wheely4,Hopy Games,Wheelie 4 - Time Travel,1.32,1F,10.00,0.00000,0E-10,2016-07-26 00:00:00,2016-07-26 00:00:00,RUB,RU,RUB,0, , , , ,Games,,iPad,iOS
1,2,1051252134,APPLE,US,com.pegasgames.wheely4,Hopy Games,Wheelie 4 - Time Travel,1.32,1F,7.00,0.00000,0E-10,2016-07-26 00:00:00,2016-07-26 00:00:00,GBP,GB,GBP,0, , , , ,Games,,iPad,iOS
1,2,721668874,APPLE,US,com.hopy.FRIV,Hopy Games,Hopy Games,1.9,1F,1.00,0.00000,0E-10,2016-07-26 00:00:00,2016-07-26 00:00:00,EUR,LU,EUR,0, , , , ,Games,,iPhone,iOS
1,2,721668874,APPLE,US,com.hopy.FRIV,Hopy Games,Hopy Games,1.9,1F,2.00,0.00000,0E-10,2016-07-26 00:00:00,2016-07-26 00:00:00,USD,EG,USD,0, , , , ,Games,,iPhone,iOS
1,2,721668874,APPLE,US,com.hopy.FRIV,Hopy Games,Hopy Games,1.9,1F,2.00,0.00000,0E-10,2016-07-26 00:00:00,2016-07-26 00:00:00,USD,JO,USD,0, , , , ,Games,,iPad,iOS
1,2,721668874,APPLE,US,com.hopy.FRIV,Hopy Games,Hopy Games,1.9,1F,3.00,0.00000,0E-10,2016-07-26 00:00:00,2016-07-26 00:00:00,NOK,NO,NOK,0, , , , ,Games,,iPad,iOS
1,2,721668874,APPLE,US,com.hopy.FRIV,Hopy Games,Hopy Games,1.9,1F,2.00,0.00000,0E-10,2016-07-26 00:00:00,2016-07-26 00:00:00,SAR,SA,SAR,0, , , , ,Games,,iPhone,iOS
1,2,738595009,APPLE,US,age.of.war.1,Hopy Games,Age Of War - Revenge,1,1F,1.00,0.00000,0E-10,2016-07-26 00:00:00,2016-07-26 00:00:00,EUR,DE,EUR,0, , , , ,Games,,iPhone,iOS
1,2,976009672,APPLE,US,hopy_jellydad_2015,Hopy Games,JellyDad Hero,0.2,1F,1.00,0.00000,0E-10,2016-07-26 00:00:00,2016-07-26 00:00:00,NOK,NO,NOK,0, , , , ,Games,,iPad,iOS
1,2,1084266569,APPLE,US,com.ragdoll.achievement,Hopy Games,Ragdoll Achievement,2.0,1F,3.00,0.00000,0E-10,2016-07-26 00:00:00,2016-07-26 00:00:00,GBP,GB,GBP,0, , , , ,Games,,iPhone,iOS
1,2,1084266569,APPLE,US,com.ragdoll.achievement,Hopy Games,Ragdoll Achievement,2.0,1F,3.00,0.00000,0E-10,2016-07-26 00:00:00,2016-07-26 00:00:00,RUB,RU,RUB,0, , , , ,Games,,iPhone,iOS
1,2,738595009,APPLE,US,age.of.war.1,Hopy Games,Age Of War - Revenge,1,1F,1.00,0.00000,0E-10,2016-07-26 00:00:00,2016-07-26 00:00:00,EUR,BE,EUR,0, , , , ,Games,,iPhone,iOS
1,2,721668874,APPLE,US,com.hopy.FRIV,Hopy Games,Hopy Games,1.9,1F,1.00,0.00000,0E-10,2016-07-26 00:00:00,2016-07-26 00:00:00,EUR,BE,EUR,0, , , , ,Games,,iPhone,iOS
1,2,1051252134,APPLE,US,com.pegasgames.wheely4,Hopy Games,Wheelie 4 - Time Travel,1.32,1F,1.00,0.00000,0E-10,2016-07-26 00:00:00,2016-07-26 00:00:00,USD,PK,USD,0, , , , ,Games,,iPad,iOS
1,2,738595009,APPLE,US,age.of.war.1,Hopy Games,Age Of War - Revenge,1,1F,1.00,0.00000,0E-10,2016-07-26 00:00:00,2016-07-26 00:00:00,USD,DZ,USD,0, , , , ,Games,,iPhone,iOS
1,2,721668874,APPLE,US,com.hopy.FRIV,Hopy Games,Hopy Games,1.9,1F,1.00,0.00000,0E-10,2016-07-26 00:00:00,2016-07-26 00:00:00,USD,DZ,USD,0, , , , ,Games,,iPhone,iOS
1,2,721668874,APPLE,US,com.hopy.FRIV,Hopy Games,Hopy Games,1.9,1F,1.00,0.00000,0E-10,2016-07-26 00:00:00,2016-07-26 00:00:00,USD,AM,USD,0, , , , ,Games,,iPad,iOS
